Train/Value,Time/Buffer,Train/Entropy_Loss,Train/Return,Train/Action_max,Train/LogProb,Train/Grad_norm_actor,Train/Action_magnitude_L1,Train/control_penalty,Train/Ratio,Train/Action_magnitude,Train/Policy_loss,Time/B_Format_Time,Time/B_Original_Format_Time,Train/Entropy_loss,Train/Entropy,Train/V,Train/Action_std,Time/Critic_Time,Time/Actor_Time,Itr,Train/policy_loss,Train/recon_loss,Train/Action_abs_mean,Train/Loss,Train/PolicyClip,train/batch_reward
1.7445183,0.007025241851806641,,,,,,,,,,,,,,,,,,,,,,,,,
1.7419792,0.0037310123443603516,0.0006077471971511841,1.570766,0.20633335,1.2191447,0.0,0.53290266,0.4057302,0.99998933,0.4077,0.17121509,0.07174921035766602,0.07256817817687988,0.0006077471971511841,-0.6077472,1.7419792,0.13544491,0.0,0.06859898567199707,0,0.17121509,0.0,0.24001482,0.17588013,0.0,0.02525
1.3445488,0.002471923828125,0.0005894245505332947,1.0902256,0.17647904,1.179399,0.0,0.47101212,0.36709443,0.99999654,0.36319098,0.25433528,0.0798039436340332,0.07203793525695801,0.0005894245505332947,-0.58942455,1.3445488,0.13847685,9.5367431640625e-07,0.06844305992126465,1,0.25433528,0.0,0.20596173,0.25859565,0.0,0.006
2.1457486,0.004545927047729492,0.0005653268098831177,2.1558578,0.18863359,1.1416297,0.0,0.5490726,0.42971918,1.0000012,0.4311864,-0.0101044625,0.1253199577331543,0.09214615821838379,0.0005653268098831177,-0.5653268,2.1457486,0.14212564,1.1920928955078125e-06,0.08239412307739258,2,-0.0101044625,0.0,0.24457064,-0.005241944,0.0,0.04775
1.9875741,0.003657102584838867,0.0005532390475273132,1.9986631,0.18951175,1.0949492,0.0,0.5606311,0.43981794,0.9999841,0.44034734,-0.011094423,0.11146116256713867,0.06920504570007324,0.0005532390475273132,-0.55323905,1.9875741,0.1436085,0.0,0.06353998184204102,3,-0.011094423,0.0,0.2550676,-0.0061430046,0.0,0.0495
1.7380224,0.0033159255981445312,0.000548140048980713,1.6536648,0.19372201,1.0894531,0.0,0.56466466,0.4401345,0.99999815,0.44580954,0.08435513,0.08099007606506348,0.07123398780822754,0.000548140048980713,-0.54814005,1.7380224,0.14340277,0.0,0.0673069953918457,4,0.08435513,0.0,0.2539142,0.08930461,0.0,0.0335
2.0188572,0.003255128860473633,0.0005368751883506775,1.8426714,0.23368114,1.080906,0.0,0.5635071,0.44947162,0.9999833,0.44682088,0.17617838,0.08107900619506836,0.07579898834228516,0.0005368751883506775,-0.5368752,2.0188572,0.14582056,0.0,0.09665036201477051,5,0.17617838,0.0,0.25505146,0.18120997,0.0,0.027
1.930017,0.004209756851196289,0.0005691101551055909,1.80487,0.21229811,1.1512812,0.0,0.5188584,0.41008717,0.9999834,0.4068356,0.1251523,0.09702706336975098,0.15093207359313965,0.0005691101551055909,-0.56911016,1.930017,0.14131615,0.0,0.09505414962768555,6,0.1251523,0.0,0.23369306,0.12982228,0.0,0.03325
1.7857004,0.004556894302368164,0.0005530344247817994,1.6432931,0.21667019,1.0723562,0.0,0.5188768,0.40803927,1.000009,0.40425506,0.14241342,0.08702492713928223,0.09236812591552734,0.0005530344247817994,-0.5530344,1.7857004,0.14441031,0.0,0.09917020797729492,7,0.14241342,0.0,0.23092034,0.14704686,0.0,0.034
2.1218777,0.005028724670410156,0.000575273871421814,1.9637241,0.22730757,1.1489849,0.0,0.5435286,0.41743496,0.9999827,0.4195266,0.15815243,0.0962071418762207,0.11152887344360352,0.000575273871421814,-0.5752739,2.1218777,0.14180014,0.0,0.10691189765930176,8,0.15815243,0.0,0.2421001,0.16290206,0.0,0.029
1.8240727,0.007766008377075195,0.000585518479347229,1.6532006,0.25632474,1.1398796,0.0,0.55793244,0.42744252,1.000016,0.42762986,0.1708844,0.10245609283447266,0.10509181022644043,0.000585518479347229,-0.5855185,1.8240727,0.13994429,0.0,0.06544613838195801,9,0.1708844,0.0,0.2544326,0.17574434,0.0,0.029
1.5410703,0.0028579235076904297,0.0005613681674003601,1.389753,0.24664612,1.1303025,0.0,0.54507136,0.41560385,0.99999714,0.4160156,0.15131849,0.09013700485229492,0.08919334411621094,0.0005613681674003601,-0.56136817,1.5410703,0.1435967,0.0,0.06694889068603516,10,0.15131849,0.0,0.24485534,0.1560359,0.0,0.02
1.7119261,0.0033211708068847656,0.0005566294193267823,1.5095096,0.20455553,1.1335243,0.0,0.5506501,0.4230942,0.9999735,0.42240143,0.20240715,0.10679984092712402,0.08456230163574219,0.0005566294193267823,-0.5566294,1.7119261,0.14296523,0.0,0.06810879707336426,11,0.20240715,0.0,0.2501869,0.20719473,0.0,0.016
2.4508793,0.004530906677246094,0.0005737858414649964,2.1114159,0.14363332,1.1631857,0.0,0.5472704,0.42336884,1.0000092,0.42710063,0.33946377,0.13864922523498535,0.16795897483825684,0.0005737858414649964,-0.57378584,2.4508793,0.14004941,0.0,0.1251819133758545,12,0.33946377,0.0,0.2428759,0.34427124,0.0,0.01925
3.6679692,0.004157066345214844,0.0006056698560714722,3.1183598,0.10932543,1.2050859,0.0,0.5481035,0.4317276,0.99999046,0.43186462,0.54960114,0.07154297828674316,0.07829499244689941,0.0006056698560714722,-0.60566986,3.6679692,0.13523103,0.0,0.06467890739440918,13,0.54960114,0.0,0.24468513,0.55452406,0.0,0.0205
3.966313,0.002997159957885742,0.0005811892747879028,3.3030686,0.12694979,1.1354712,0.0,0.5440605,0.42496988,1.0000056,0.42926222,0.6632607,0.07097601890563965,0.10518383979797363,0.0005811892747879028,-0.5811893,3.966313,0.13944115,0.0,0.0656881332397461,14,0.6632607,0.0,0.23722783,0.6680916,0.0,0.0175
2.647381,0.005824089050292969,0.0005775002837181091,2.310647,0.21622111,1.1605668,0.0,0.5416494,0.41679323,0.99999225,0.42049265,0.33673438,0.07730793952941895,0.07097005844116211,0.0005775002837181091,-0.5775003,2.647381,0.14125848,0.0,0.09330487251281738,15,0.33673438,0.0,0.24140944,0.34147984,0.0,0.0385
1.6693417,0.00979304313659668,0.0005979375839233399,1.526804,0.23288342,1.2238672,0.0,0.5078031,0.39476907,1.0,0.3920356,0.14252998,0.1301867961883545,0.08260297775268555,0.0005979375839233399,-0.5979376,1.6693417,0.13862665,9.5367431640625e-07,0.0973958969116211,16,0.14252998,0.0,0.23043926,0.14707561,0.0,0.02725
1.7078768,0.010707855224609375,0.0006316774487495423,1.618365,0.22452752,1.2701402,0.0,0.5178507,0.39873052,0.99999964,0.3991732,0.08952153,0.07466602325439453,0.08162212371826172,0.0006316774487495423,-0.63167745,1.7078768,0.13410771,0.0,0.080657958984375,17,0.08952153,0.0,0.23483042,0.09414051,0.0,0.03725
1.8918878,0.004561901092529297,0.0006369221210479737,1.7730122,0.19996841,1.2763163,0.0,0.5095696,0.38913757,1.000004,0.3913477,0.11886605,0.07437777519226074,0.07337069511413574,0.0006369221210479737,-0.6369221,1.8918878,0.13291667,0.0,0.0717477798461914,18,0.11886605,0.0,0.2298453,0.12339435,0.0,0.03575
1.5621476,0.0038878917694091797,0.0006069449186325073,1.3826172,0.19393976,1.2179326,0.0,0.5003471,0.3804319,0.99999994,0.3847792,0.17953771,0.07066679000854492,0.07457900047302246,0.0006069449186325073,-0.6069449,1.5621476,0.1365311,0.0,0.06924176216125488,19,0.17953771,0.0,0.21863529,0.18394898,0.0,0.022
1.4578682,0.003319978713989258,0.0005769530534744263,1.2970419,0.20462939,1.1542561,0.0,0.5032836,0.39290565,1.0000074,0.39048404,0.1608323,0.08666205406188965,0.1145327091217041,0.0005769530534744263,-0.57695305,1.4578682,0.14081597,9.5367431640625e-07,0.07102012634277344,20,0.1608323,0.0,0.22315134,0.16533831,0.0,0.02175
1.3752126,0.00341796875,0.0005809240937232972,1.255925,0.23084773,1.124587,0.0,0.5319702,0.40635967,0.99999076,0.4109942,0.11929069,0.0704660415649414,0.07156515121459961,0.0005809240937232972,-0.5809241,1.3752126,0.13994285,0.0,0.0639810562133789,21,0.11929069,0.0,0.23574093,0.12393521,0.0,0.02125
1.5201685,0.0036079883575439453,0.0005786347985267639,1.4361748,0.22478512,1.1374642,0.0,0.5389394,0.41849357,1.0000062,0.41748786,0.08398752,0.07113289833068848,0.07012581825256348,0.0005786347985267639,-0.5786348,1.5201685,0.14044242,0.0,0.06569290161132812,22,0.08398752,0.0,0.24226648,0.08875109,0.0,0.029
1.7919859,0.003854036331176758,0.0005686125755310059,1.7358723,0.20613134,1.1162002,0.0,0.5721586,0.43960488,1.0000141,0.44245464,0.056114234,0.07476401329040527,0.07291793823242188,0.0005686125755310059,-0.5686126,1.7919859,0.14123502,0.0,0.06974506378173828,23,0.056114234,0.0,0.25827026,0.061078895,0.0,0.0405
1.8919512,0.005068063735961914,0.0005561671257019043,1.814323,0.2005638,1.0908827,0.0,0.53568685,0.41572392,0.99999547,0.41865778,0.0776328,0.07459878921508789,0.07830500602722168,0.0005561671257019043,-0.5561671,1.8919512,0.14339639,0.0,0.07227110862731934,24,0.0776328,0.0,0.23667006,0.0823462,0.0,0.03675
1.5937151,0.00368499755859375,0.0006032106280326843,1.5366,0.17629012,1.1855865,0.0,0.5255016,0.41197005,0.999984,0.4113336,0.05711257,0.08823895454406738,0.09137988090515137,0.0006032106280326843,-0.6032106,1.5937151,0.13685381,1.1920928955078125e-06,0.08813118934631348,25,0.05711257,0.0,0.23568055,0.061835483,0.0,0.0325
1.9064944,0.006126880645751953,0.0005842320322990418,1.77431,0.208586,1.1440562,0.0,0.53282744,0.41242114,1.0000038,0.41609198,0.13218738,0.08485984802246094,0.06926894187927246,0.0005842320322990418,-0.58423203,1.9064944,0.14017135,1.1920928955078125e-06,0.10502099990844727,26,0.13218738,0.0,0.23910037,0.13689582,0.0,0.03075
1.5351982,0.003943920135498047,0.0005851940512657165,1.4005892,0.22217488,1.1402665,0.0,0.54339767,0.4200338,0.9999966,0.42082176,0.13459818,0.07487893104553223,0.07857108116149902,0.0005851940512657165,-0.58519405,1.5351982,0.13991693,0.0,0.06523919105529785,27,0.13459818,0.0,0.24516118,0.13938372,0.0,0.025
1.6672586,0.0047800540924072266,0.0005764620304107666,1.5490692,0.20926827,1.1791998,0.0,0.53658885,0.41629815,1.0000019,0.41802394,0.11818344,0.13900995254516602,0.14278078079223633,0.0005764620304107666,-0.57646203,1.6672586,0.14184304,0.0,0.07111597061157227,28,0.11818344,0.0,0.23740803,0.12292288,0.0,0.0235
1.6102214,0.005148887634277344,0.0005488875508308411,1.4270838,0.23538335,1.1311082,0.0,0.5436772,0.42541218,1.0000494,0.42378518,0.18314481,0.11368513107299805,0.1417238712310791,0.0005488875508308411,-0.54888755,1.6102214,0.14567679,0.0,0.17925095558166504,29,0.18314481,0.0,0.24223994,0.18794781,0.0,0.01725
1.829762,0.0033648014068603516,0.0006222471594810486,1.7246438,0.23110306,1.2453254,0.0,0.54738057,0.4235701,1.0000077,0.42510813,0.10512599,0.08410787582397461,0.06904172897338867,0.0006222471594810486,-0.62224716,1.829762,0.13493787,0.0,0.10245299339294434,30,0.10512599,0.0,0.24559818,0.10998394,0.0,0.0285
1.7377754,0.00640106201171875,0.0006216381788253784,1.5935273,0.22303638,1.2493184,0.0,0.5175826,0.39849883,0.9999952,0.40027466,0.14424708,0.08666801452636719,0.07957315444946289,0.0006216381788253784,-0.6216382,1.7377754,0.13476826,0.0,0.07541203498840332,31,0.14424708,0.0,0.23290339,0.1488537,0.0,0.0205
1.7259946,0.0051310062408447266,0.0006372256875038147,1.5746706,0.20749246,1.2967138,0.0,0.48376,0.37741765,0.9999906,0.37655458,0.15131417,0.0991978645324707,0.07610797882080078,0.0006372256875038147,-0.6372257,1.7259946,0.13272838,1.1920928955078125e-06,0.06804108619689941,32,0.15131417,0.0,0.21378343,0.15572557,0.0,0.0215
1.6121022,0.004992008209228516,0.000617333173751831,1.4105698,0.19241029,1.2433237,0.0,0.50789183,0.3943019,0.99998796,0.39405,0.20153055,0.0724029541015625,0.0990300178527832,0.000617333173751831,-0.6173332,1.6121022,0.13463606,0.0,0.0975348949432373,33,0.20153055,0.0,0.22632018,0.2060909,0.0,0.0145
1.6250085,0.0033309459686279297,0.0006518978476524354,1.4148928,0.18270399,1.2996677,0.0,0.47773722,0.36681646,1.0000101,0.3684263,0.21012409,0.08781003952026367,0.09264826774597168,0.0006518978476524354,-0.65189785,1.6250085,0.1303641,0.0,0.07288908958435059,34,0.21012409,0.0,0.21225552,0.21444415,0.0,0.015
1.9524075,0.0064890384674072266,0.000669517993927002,1.7312745,0.18898499,1.3532822,0.0,0.48203814,0.3714043,0.9999983,0.3700506,0.22112958,0.08633995056152344,0.07729196548461914,0.000669517993927002,-0.669518,1.9524075,0.1281534,9.5367431640625e-07,0.11584782600402832,35,0.22112958,0.0,0.21714993,0.22551315,0.0,0.01925
1.9777453,0.002747058868408203,0.0006854316592216492,1.728552,0.18363798,1.3611445,0.0,0.45916352,0.35174897,0.99999076,0.3528245,0.24918826,0.07412409782409668,0.07924199104309082,0.0006854316592216492,-0.68543166,1.9777453,0.12622018,0.0,0.07031607627868652,36,0.24918826,0.0,0.20438407,0.25339118,0.0,0.01725
2.009741,0.003319978713989258,0.0006302802562713623,1.8437464,0.19439676,1.2811298,0.0,0.5032129,0.39039874,0.9999893,0.3902316,0.16599973,0.07009720802307129,0.08412718772888184,0.0006302802562713623,-0.63028026,2.009741,0.13327856,1.1920928955078125e-06,0.08266091346740723,37,0.16599973,0.0,0.22763395,0.17053398,0.0,0.02775
1.7745787,0.010346174240112305,0.0006319472193717957,1.589807,0.19570866,1.2642334,0.0,0.49893183,0.38606587,0.99998826,0.38586786,0.18477449,0.07260012626647949,0.08192992210388184,0.0006319472193717957,-0.6319472,1.7745787,0.13330472,0.0,0.0790400505065918,38,0.18477449,0.0,0.22356762,0.18926708,0.0,0.01725
2.0634542,0.0033071041107177734,0.0005917845368385315,1.9240957,0.2185759,1.2203774,0.0,0.53936225,0.41936126,1.0000067,0.4183212,0.13934778,0.10296106338500977,0.08538818359375,0.0005917845368385315,-0.59178454,2.0634542,0.13877888,0.0,0.07447028160095215,39,0.13934778,0.0,0.2437374,0.14413318,0.0,0.0265
2.037902,0.003437042236328125,0.000631395697593689,1.8861654,0.18325773,1.2571602,0.0,0.50626636,0.39203465,0.9999843,0.39218298,0.15173183,0.07669711112976074,0.07907891273498535,0.000631395697593689,-0.6313957,2.037902,0.1335211,0.0,0.06990408897399902,40,0.15173183,0.0,0.2286592,0.15628357,0.0,0.03325
1.7923917,0.0035109519958496094,0.0005876603722572327,1.6669604,0.20813662,1.167274,0.0,0.52130675,0.3998873,1.0000042,0.40412056,0.12544127,0.07288217544555664,0.06876897811889648,0.0005876603722572327,-0.5876604,1.7923917,0.1395694,9.5367431640625e-07,0.06453990936279297,41,0.12544127,0.0,0.23298025,0.1300278,0.0,0.0275
1.8764157,0.0036611557006835938,0.0006124681234359741,1.7361108,0.20859532,1.2377932,0.0,0.5122059,0.39837447,0.9999843,0.39568675,0.14030996,0.07780766487121582,0.0803680419921875,0.0006124681234359741,-0.6124681,1.8764157,0.13661562,9.5367431640625e-07,0.07167816162109375,42,0.14030996,0.0,0.22877231,0.14490618,0.0,0.029
1.7627292,0.007122039794921875,0.0006160855293273926,1.6305971,0.20373121,1.2227346,0.0,0.49009094,0.38138422,1.0000061,0.3779997,0.1321245,0.07746696472167969,0.07985806465148926,0.0006160855293273926,-0.6160855,1.7627292,0.13555552,0.0,0.07341623306274414,43,0.1321245,0.0,0.21791531,0.13655443,0.0,0.02675
2.0605125,0.004151105880737305,0.0005890189409255981,1.9668509,0.22217116,1.1703293,0.0,0.51460314,0.40189344,1.0000054,0.40247682,0.093661495,0.07358312606811523,0.07743096351623535,0.0005890189409255981,-0.58901894,2.0605125,0.13981287,0.0,0.06842494010925293,44,0.093661495,0.0,0.22697845,0.09826945,0.0,0.0445
1.4761299,0.0029621124267578125,0.0006803343296051025,1.3791964,0.16862348,1.3693379,0.0,0.4397046,0.34531873,1.0000039,0.34221318,0.09693546,0.07192111015319824,0.09342193603515625,0.0006803343296051025,-0.6803343,1.4761299,0.12765862,0.0,0.07973384857177734,45,0.09693546,0.0,0.19045953,0.10106898,0.0,0.0275
1.7698203,0.00452113151550293,0.0006622197031974792,1.6226712,0.20186403,1.337626,0.0,0.4515581,0.3583516,0.9999858,0.35098132,0.14715002,0.08116483688354492,0.09190130233764648,0.0006622197031974792,-0.6622197,1.7698203,0.13022989,1.1920928955078125e-06,0.10219216346740723,46,0.14715002,0.0,0.19867487,0.15139577,0.0,0.027
1.5827358,0.003098011016845703,0.0006341054439544677,1.4868482,0.22614168,1.2687671,0.0,0.47525433,0.36787215,1.0000015,0.36824542,0.0958941,0.0700681209564209,0.09618782997131348,0.0006341054439544677,-0.63410544,1.5827358,0.13417341,0.0,0.07846498489379883,47,0.0958941,0.0,0.20641871,0.10020693,0.0,0.02825
1.5738342,0.004032135009765625,0.0006122238039970398,1.449034,0.23967914,1.2308389,0.0,0.5041025,0.38793406,1.0000038,0.38993016,0.12479979,0.11060094833374023,0.10261797904968262,0.0006122238039970398,-0.6122238,1.5738342,0.13661447,0.0,0.08283591270446777,48,0.12479979,0.0,0.22384043,0.12929136,0.0,0.02275
1.5003176,0.004018068313598633,0.0006300016045570374,1.3891753,0.2012489,1.2744554,0.0,0.5036561,0.3849423,0.9999882,0.3894501,0.11113861,0.11244010925292969,0.08379507064819336,0.0006300016045570374,-0.6300016,1.5003176,0.13387676,0.0,0.0883791446685791,49,0.11113861,0.0,0.22698662,0.115618035,0.0,0.02725
1.6961874,0.0039010047912597656,0.0006289795041084289,1.5341897,0.21612506,1.2295569,0.0,0.51468605,0.3949072,1.0000042,0.3973909,0.16199721,0.10184884071350098,0.0767059326171875,0.0006289795041084289,-0.6289795,1.6961874,0.1338438,0.0,0.0700080394744873,50,0.16199721,0.0,0.23246378,0.16657527,0.0,0.027
1.6231353,0.003027200698852539,0.0006239446997642517,1.5136428,0.1743523,1.2482996,0.0,0.4993981,0.38772702,0.9999821,0.38854158,0.10948967,0.06762814521789551,0.07009196281433105,0.0006239446997642517,-0.6239447,1.6231353,0.13438332,9.5367431640625e-07,0.06357622146606445,51,0.10948967,0.0,0.2233054,0.11399088,0.0,0.02775
1.9125788,0.004229068756103516,0.0005940017700195312,1.7940149,0.17811036,1.181481,0.0,0.51566446,0.40053698,0.99999774,0.40241024,0.1185675,0.07456469535827637,0.0778360366821289,0.0005940017700195312,-0.59400177,1.9125788,0.13795839,0.0,0.06819701194763184,52,0.1185675,0.0,0.23032047,0.123166874,0.0,0.029
1.7116841,0.0033981800079345703,0.0006027313470840454,1.5596066,0.17689654,1.2344297,0.0,0.5164432,0.39852905,1.0000169,0.40081927,0.15208577,0.06995820999145508,0.1149299144744873,0.0006027313470840454,-0.60273135,1.7116841,0.13607885,0.0,0.0673220157623291,53,0.15208577,0.0,0.23085015,0.15667379,0.0,0.01975
2.0619204,0.007339954376220703,0.0005737075209617615,1.8328857,0.20321012,1.1389751,0.0,0.572336,0.43996832,0.9999987,0.44212252,0.22903876,0.07248306274414062,0.08179283142089844,0.0005737075209617615,-0.5737075,2.0619204,0.14034185,0.0,0.08889484405517578,54,0.22903876,0.0,0.25813732,0.23401216,0.0,0.027
1.9665904,0.003396749496459961,0.0005695117712020874,1.8552821,0.20667589,1.1503599,0.0,0.555001,0.42867178,1.0000137,0.42959213,0.111313686,0.10757303237915039,0.07490682601928711,0.0005695117712020874,-0.5695118,1.9665904,0.14082976,0.0,0.09087085723876953,55,0.111313686,0.0,0.25194114,0.116169915,0.0,0.038
1.9332738,0.003962278366088867,0.0005716114640235901,1.8630488,0.19850159,1.1574492,0.0,0.550835,0.42677972,1.0000083,0.42980278,0.07022888,0.07910585403442383,0.09340906143188477,0.0005716114640235901,-0.57161146,1.9332738,0.14095488,9.5367431640625e-07,0.10023117065429688,56,0.07022888,0.0,0.24525906,0.07506829,0.0,0.042
1.6936053,0.004232883453369141,0.0005650331377983094,1.6295416,0.20197824,1.1390072,0.0,0.5445216,0.42564481,0.9999834,0.4265606,0.0640656,0.1530439853668213,0.19651293754577637,0.0005650331377983094,-0.56503314,1.6936053,0.1416656,0.0,0.10163617134094238,57,0.0640656,0.0,0.2446972,0.06888708,0.0,0.035
1.870684,0.005713224411010742,0.000549879252910614,1.7448575,0.21632761,1.1038848,0.0,0.54123104,0.42033586,1.0000266,0.42383507,0.12582964,0.07718467712402344,0.07809829711914062,0.000549879252910614,-0.54987925,1.870684,0.14436398,0.0,0.06941699981689453,58,0.12582964,0.0,0.24091563,0.13058288,0.0,0.027
1.7361641,0.006929874420166016,0.0005488165616989135,1.6042492,0.18403593,1.101395,0.0,0.53552985,0.42182896,1.0000142,0.42224926,0.13191698,0.08875274658203125,0.07207679748535156,0.0005488165616989135,-0.54881656,1.7361641,0.14393662,0.0,0.06296110153198242,59,0.13191698,0.0,0.2373042,0.13668409,0.0,0.02775
1.750725,0.0037162303924560547,0.0005940014719963074,1.662066,0.18124345,1.1791058,0.0,0.4960681,0.3893818,0.99999654,0.38964948,0.08865417,0.07619690895080566,0.08047890663146973,0.0005940014719963074,-0.5940015,1.750725,0.13829167,0.0,0.07035517692565918,60,0.08865417,0.0,0.21739493,0.09314199,0.0,0.032
1.823595,0.004077911376953125,0.000605316162109375,1.7384045,0.19578494,1.215452,0.0,0.52416503,0.40904108,1.0000039,0.4099628,0.085180394,0.09470796585083008,0.08675003051757812,0.000605316162109375,-0.60531616,1.823595,0.1364097,0.0,0.11426401138305664,61,0.085180394,0.0,0.23680767,0.08987612,0.0,0.032
1.783579,0.003365755081176758,0.0005986422300338746,1.6516345,0.18944488,1.180473,0.0,0.515278,0.4023094,0.9999857,0.4012263,0.13194202,0.13283467292785645,0.09316110610961914,0.0005986422300338746,-0.59864223,1.783579,0.13729933,0.0,0.0732107162475586,62,0.13194202,0.0,0.23106986,0.13656375,0.0,0.0265
1.9242285,0.01165008544921875,0.0005989596843719483,1.843884,0.17845984,1.2176702,0.0,0.5001034,0.39180174,0.9999847,0.38936594,0.08033655,0.09431695938110352,0.10042095184326172,0.0005989596843719483,-0.5989597,1.9242285,0.13695951,0.0,0.07038187980651855,63,0.08033655,0.0,0.2246498,0.08485352,0.0,0.03975
1.7508545,0.0035409927368164062,0.0005735567808151245,1.650754,0.19326924,1.1517644,0.0,0.5172993,0.4017974,0.99999815,0.40148216,0.10010162,0.10396075248718262,0.12533187866210938,0.0005735567808151245,-0.5735568,1.7508545,0.14114167,9.5367431640625e-07,0.10896635055541992,64,0.10010162,0.0,0.23120727,0.104693145,0.0,0.03025
1.7460033,0.004570722579956055,0.000567964494228363,1.6169869,0.21461475,1.1055236,0.0,0.5272663,0.4062132,1.0000079,0.40981153,0.12902701,0.17789602279663086,0.09717822074890137,0.000567964494228363,-0.5679645,1.7460033,0.1421055,9.5367431640625e-07,0.0871739387512207,65,0.12902701,0.0,0.23300274,0.1336571,0.0,0.0305
1.865056,0.0038881301879882812,0.0005661337971687317,1.8172386,0.20772573,1.1424633,0.0,0.5339389,0.41779187,0.9999989,0.41619238,0.04782092,0.12121081352233887,0.11066508293151855,0.0005661337971687317,-0.5661338,1.865056,0.14178254,0.0,0.10551095008850098,66,0.04782092,0.0,0.2405731,0.05256497,0.0,0.0395
1.8267218,0.004233121871948242,0.0005416566729545593,1.7604935,0.2131933,1.0938013,0.0,0.5376443,0.42281076,1.0000038,0.41974476,0.06623569,0.07093405723571777,0.07499885559082031,0.0005416566729545593,-0.5416567,1.8267218,0.1459698,0.0,0.06530094146728516,67,0.06623569,0.0,0.24114662,0.071005456,0.0,0.04475
1.7078586,0.0032880306243896484,0.000548345685005188,1.6226391,0.2206929,1.0785029,0.0,0.5423466,0.4217622,0.9999866,0.42139766,0.08521619,0.07147526741027832,0.07409477233886719,0.000548345685005188,-0.5483457,1.7078586,0.14444509,0.0,0.06748485565185547,68,0.08521619,0.0,0.24129914,0.08998216,0.0,0.02875
1.9040444,0.0037178993225097656,0.0005592468976974487,1.8014319,0.2323086,1.1041949,0.0,0.5358533,0.41873872,1.0000201,0.41636038,0.102610126,0.07048273086547852,0.07114577293395996,0.0005592468976974487,-0.5592469,1.9040444,0.14304008,0.0,0.07261323928833008,69,0.102610126,0.0,0.24320705,0.107356764,0.0,0.04275
1.889129,0.0034720897674560547,0.0005627290606498718,1.8318329,0.2191781,1.104742,0.0,0.532511,0.4070549,0.99997866,0.41431525,0.05730182,0.10396313667297363,0.07063913345336914,0.0005627290606498718,-0.56272906,1.889129,0.14303736,0.0,0.06447005271911621,70,0.05730182,0.0,0.2350625,0.061935097,0.0,0.04425
1.7716488,0.0032339096069335938,0.0005644742846488953,1.665109,0.21768647,1.1345415,0.0,0.51890403,0.39848694,1.0000056,0.4039257,0.10653445,0.07118415832519531,0.06833696365356445,0.0005644742846488953,-0.5644743,1.7716488,0.1423437,0.0,0.06899189949035645,71,0.10653445,0.0,0.22749913,0.11108379,0.0,0.0315
1.9166775,0.007976770401000977,0.000555380403995514,1.8631849,0.207545,1.1111089,0.0,0.5244075,0.40690228,1.0000181,0.40710676,0.053503446,0.07827496528625488,0.07395291328430176,0.000555380403995514,-0.5553804,1.9166775,0.1438071,0.0,0.06735491752624512,72,0.053503446,0.0,0.2314235,0.05812785,0.0,0.04425
1.773443,0.0032639503479003906,0.0005751386880874634,1.6574329,0.22148147,1.1428453,0.0,0.5179299,0.39689884,0.99998814,0.39953187,0.11601349,0.09721088409423828,0.08904814720153809,0.0005751386880874634,-0.5751387,1.773443,0.1411227,0.0,0.07991886138916016,73,0.11601349,0.0,0.23046567,0.12055762,0.0,0.031
2.070161,0.00839996337890625,0.000552796185016632,2.0129938,0.2079043,1.0930372,0.0,0.52128744,0.40774626,0.99998415,0.4078146,0.057163555,0.12977814674377441,0.12973380088806152,0.000552796185016632,-0.5527962,2.070161,0.14419924,0.0,0.07190895080566406,74,0.057163555,0.0,0.23026288,0.06179381,0.0,0.04675
1.7426482,0.004217863082885742,0.0005511691570281983,1.611482,0.21266967,1.090974,0.0,0.5345287,0.41832936,0.9999818,0.4144278,0.13116333,0.0753469467163086,0.10087966918945312,0.0005511691570281983,-0.55116916,1.7426482,0.14416723,0.0,0.11217784881591797,75,0.13116333,0.0,0.23663022,0.13589779,0.0,0.0275
2.0337322,0.004057168960571289,0.0005615461468696595,1.9484105,0.1901487,1.1200513,0.0,0.5302863,0.41136965,0.9999858,0.41142237,0.08532382,0.08915495872497559,0.07863926887512207,0.0005615461468696595,-0.56154615,2.0337322,0.14178805,0.0,0.07201170921325684,76,0.08532382,0.0,0.23762783,0.08999906,0.0,0.04225
1.8801774,0.00475001335144043,0.000520945429801941,1.7873563,0.1863797,1.0711658,0.0,0.54954493,0.42733237,1.0000118,0.42740133,0.09281909,0.07498502731323242,0.13575506210327148,0.000520945429801941,-0.5209454,1.8801774,0.14820953,9.5367431640625e-07,0.08845305442810059,77,0.09281909,0.0,0.24434738,0.09761336,0.0,0.04075
2.0736666,0.004960060119628906,0.000535681962966919,2.0246687,0.1942872,1.071475,0.0,0.55031466,0.42630213,1.0000099,0.42878476,0.048997685,0.12262725830078125,0.08064818382263184,0.000535681962966919,-0.53568196,2.0736666,0.14554453,0.0,0.06604909896850586,78,0.048997685,0.0,0.2455931,0.05379639,0.0,0.04775
1.8228273,0.00978708267211914,0.0005493866801261902,1.7599516,0.18605615,1.0731342,0.0,0.5445339,0.42541933,1.0000188,0.42670432,0.06288458,0.08898496627807617,0.07777595520019531,0.0005493866801261902,-0.5493867,1.8228273,0.14364983,0.0,0.07121825218200684,79,0.06288458,0.0,0.242922,0.06768815,0.0,0.04025
1.8310093,0.003995180130004883,0.0005233086943626404,1.7811598,0.20314623,1.0455313,0.0,0.5541422,0.4322429,1.000006,0.4327435,0.04984279,0.07752799987792969,0.10043120384216309,0.0005233086943626404,-0.5233087,1.8310093,0.14731002,0.0,0.07944011688232422,80,0.04984279,0.0,0.2490741,0.05468853,0.0,0.03925
1.9695756,0.0064678192138671875,0.0005350162982940674,1.9041318,0.18767281,1.0863562,0.0,0.57341915,0.4554433,0.99999243,0.45080662,0.065446936,0.10191702842712402,0.07726502418518066,0.0005350162982940674,-0.5350163,1.9695756,0.14593492,0.0,0.10110902786254883,81,0.065446936,0.0,0.25855485,0.07053639,0.0,0.046
1.9337978,0.004769086837768555,0.000531305193901062,1.9103242,0.19818045,1.0687029,0.0,0.5679171,0.4444111,0.9999977,0.44394687,0.0234745,0.08463120460510254,0.07561922073364258,0.000531305193901062,-0.5313052,1.9337978,0.14618345,0.0,0.0685570240020752,82,0.0234745,0.0,0.2547806,0.028449915,0.0,0.0485
1.971973,0.0045108795166015625,0.000540571928024292,1.8690479,0.20630981,1.0703615,0.0,0.5599157,0.43514708,0.99999267,0.43713826,0.10292235,0.07302284240722656,0.08540701866149902,0.000540571928024292,-0.5405719,1.971973,0.14526406,0.0,0.10197305679321289,83,0.10292235,0.0,0.250149,0.10781439,0.0,0.041
1.7107109,0.0038690567016601562,0.0005714084506034851,1.5901282,0.21362744,1.1495742,0.0,0.5299802,0.4135801,1.0000068,0.4102353,0.12059584,0.06880402565002441,0.0687720775604248,0.0005714084506034851,-0.57140845,1.7107109,0.14118561,0.0,0.06378912925720215,84,0.12059584,0.0,0.23612748,0.12530304,0.0,0.0285
1.8125694,0.00473785400390625,0.0005831427574157715,1.7341101,0.22412257,1.1582232,0.0,0.5460988,0.42659718,1.0000068,0.42256638,0.0784635,0.08214712142944336,0.07199406623840332,0.0005831427574157715,-0.58314276,1.8125694,0.13956532,0.0,0.07819390296936035,85,0.0784635,0.0,0.24507535,0.083312616,0.0,0.041
1.9361471,0.003412008285522461,0.0005961334109306336,1.8505571,0.2203419,1.1548607,0.0,0.5414774,0.40911323,0.99999535,0.41683656,0.08558538,0.07230710983276367,0.11318397521972656,0.0005961334109306336,-0.5961334,1.9361471,0.13779835,0.0,0.06388378143310547,86,0.08558538,0.0,0.24294287,0.09027264,0.0,0.0375
1.7737665,0.003999948501586914,0.0006179555654525757,1.6274216,0.20384747,1.2105583,0.0,0.5350299,0.41426998,1.000003,0.41345623,0.14634393,0.06952929496765137,0.0707099437713623,0.0006179555654525757,-0.61795557,1.7737665,0.13473201,0.0,0.07014608383178711,87,0.14634393,0.0,0.24231388,0.15110458,0.0,0.033
2.013501,0.0038101673126220703,0.0005799820423126221,1.919575,0.21335898,1.1719173,0.0,0.537255,0.415483,0.99999475,0.41648975,0.09392478,0.07905912399291992,0.08418798446655273,0.0005799820423126221,-0.57998204,2.013501,0.14020541,0.0,0.07096481323242188,88,0.09392478,0.0,0.24012023,0.0986596,0.0,0.03925
1.7651649,0.004813194274902344,0.000628301739692688,1.6567786,0.18037285,1.2725466,0.0,0.4956562,0.38610336,1.0000077,0.38593507,0.10838937,0.07136297225952148,0.07832479476928711,0.000628301739692688,-0.62830174,1.7651649,0.133495,9.5367431640625e-07,0.09321403503417969,89,0.10838937,0.0,0.22496353,0.1128787,0.0,0.03625
1.9303062,0.005789041519165039,0.0005946686267852783,1.8288027,0.20942208,1.1874114,0.0,0.5390408,0.4170332,1.0000209,0.41903785,0.10150831,0.08193683624267578,0.0917811393737793,0.0005946686267852783,-0.5946686,1.9303062,0.13819255,9.5367431640625e-07,0.06257319450378418,90,0.10150831,0.0,0.24609244,0.10627331,0.0,0.036
1.7753811,0.005839109420776367,0.0005975556969642639,1.6284136,0.1867542,1.1824619,0.0,0.52182996,0.40891284,0.99999446,0.4067677,0.14697447,0.07233095169067383,0.08298921585083008,0.0005975556969642639,-0.5975557,1.7753811,0.1377045,0.0,0.08150601387023926,91,0.14697447,0.0,0.23266001,0.15166116,0.0,0.0285
1.6987197,0.004102945327758789,0.0005436579585075379,1.6577444,0.19711658,1.0977144,0.0,0.5519154,0.43145996,0.99999684,0.43092552,0.040983565,0.07091999053955078,0.07095193862915039,0.0005436579585075379,-0.54365796,1.6987197,0.14482145,0.0,0.06440877914428711,92,0.040983565,0.0,0.2456431,0.04584182,0.0,0.03675
1.9700314,0.0035102367401123047,0.0005627740621566773,1.7817906,0.20243542,1.1274954,0.0,0.5387688,0.4232748,0.9999889,0.42112014,0.18823975,0.07309198379516602,0.07353901863098145,0.0005627740621566773,-0.56277406,1.9700314,0.14296082,0.0,0.06556010246276855,93,0.18823975,0.0,0.2379104,0.19303527,0.0,0.02425
1.673874,0.004231929779052734,0.0005716818571090698,1.5286511,0.20746914,1.1271045,0.0,0.53855026,0.4233511,1.0000196,0.42023662,0.14522244,0.07418990135192871,0.0771021842956543,0.0005716818571090698,-0.57168186,1.673874,0.14129065,9.5367431640625e-07,0.06990313529968262,94,0.14522244,0.0,0.24171844,0.15002763,0.0,0.02925
1.8252909,0.002933979034423828,0.0005613048076629638,1.6729004,0.21846718,1.1383553,0.0,0.5593447,0.43155006,1.0000045,0.43407723,0.15238665,0.06840085983276367,0.07166838645935059,0.0005613048076629638,-0.5613048,1.8252909,0.14297555,0.0,0.07156014442443848,95,0.15238665,0.0,0.25097293,0.15726346,0.0,0.02225
1.6331534,0.003693103790283203,0.0005851974487304688,1.4897295,0.21945335,1.1573813,0.0,0.5363801,0.4162227,0.9999979,0.41493958,0.14342368,0.07848310470581055,0.07701492309570312,0.0005851974487304688,-0.58519745,1.6331534,0.1400426,9.5367431640625e-07,0.07289791107177734,96,0.14342368,0.0,0.23919614,0.1481711,0.0,0.02625
1.6639099,0.003017902374267578,0.0005842236280441285,1.5016253,0.21364522,1.1375442,0.0,0.53299946,0.41073066,0.9999968,0.41411895,0.16228417,0.0749061107635498,0.13173484802246094,0.0005842236280441285,-0.5842236,1.6639099,0.14007203,0.0,0.07906889915466309,97,0.16228417,0.0,0.2355347,0.1669757,0.0,0.02225
1.7784579,0.0037469863891601562,0.0005705828666687011,1.677813,0.21628255,1.157357,0.0,0.54470086,0.41770354,1.0000112,0.4228784,0.10064486,0.0707540512084961,0.08249497413635254,0.0005705828666687011,-0.57058287,1.7784579,0.14184266,0.0,0.07486414909362793,98,0.10064486,0.0,0.24642536,0.10539247,0.0,0.0315
1.6443179,0.004995822906494141,0.0006039655208587647,1.4709417,0.21907747,1.2258638,0.0,0.53088516,0.41465715,0.99998355,0.41193926,0.17338131,0.08298206329345703,0.10594391822814941,0.0006039655208587647,-0.6039655,1.6443179,0.1368467,0.0,0.08826708793640137,99,0.17338131,0.0,0.24179761,0.17813185,0.0,0.02175
1.8618276,0.004391908645629883,0.0006147748231887818,1.7000462,0.21086653,1.2432092,0.0,0.511288,0.39126515,0.99999565,0.3931422,0.1617783,0.07431387901306152,0.1183779239654541,0.0006147748231887818,-0.6147748,1.8618276,0.13601711,0.0,0.12179207801818848,100,0.1617783,0.0,0.23099254,0.16630574,0.0,0.0215
1.9046383,0.00299072265625,0.0005764375329017639,1.7044818,0.20910953,1.1601623,0.0,0.5250557,0.4082606,0.99999905,0.40953547,0.20015675,0.07242107391357422,0.12172603607177734,0.0005764375329017639,-0.57643753,1.9046383,0.14116818,0.0,0.06404876708984375,101,0.20015675,0.0,0.2342813,0.20481579,0.0,0.026
1.9766093,0.0030088424682617188,0.0005716474056243897,1.8262222,0.20709364,1.1286768,0.0,0.5309903,0.40787226,0.9999968,0.4132842,0.15038186,0.0739281177520752,0.08577299118041992,0.0005716474056243897,-0.5716474,1.9766093,0.14185475,0.0,0.07436084747314453,102,0.15038186,0.0,0.23579168,0.15503223,0.0,0.0265
2.1247385,0.0044040679931640625,0.0006035237312316895,1.9335749,0.1904137,1.1932356,0.0,0.5274448,0.404245,0.999983,0.40814945,0.19116548,0.11564993858337402,0.07184267044067383,0.0006035237312316895,-0.60352373,2.1247385,0.1372247,0.0,0.11638808250427246,103,0.19116548,0.0,0.23532593,0.19581145,0.0,0.02775
2.0822585,0.0030498504638671875,0.0006018829941749573,1.8539747,0.2124788,1.1910228,0.0,0.51182383,0.39758623,1.0000013,0.39790234,0.22828674,0.08274984359741211,0.10506868362426758,0.0006018829941749573,-0.601883,2.0822585,0.13770571,0.0,0.08193469047546387,104,0.22828674,0.0,0.22572179,0.2328645,0.0,0.023
1.9929631,0.007876157760620117,0.0005907836556434631,1.7918968,0.2113349,1.2061118,0.0,0.53524095,0.41421553,0.9999844,0.4168553,0.20106614,0.11686396598815918,0.07753109931945801,0.0005907836556434631,-0.59078366,1.9929631,0.13879465,0.0,0.1331501007080078,105,0.20106614,0.0,0.2411736,0.20579907,0.0,0.02775
1.9179721,0.0028829574584960938,0.0005474677681922913,1.7397165,0.20177858,1.0985948,0.0,0.5206571,0.4077696,0.999979,0.40449792,0.17824948,0.0965878963470459,0.08229494094848633,0.0005474677681922913,-0.54746777,1.9179721,0.14510496,0.0,0.0740816593170166,106,0.17824948,0.0,0.22836946,0.18287465,0.0,0.02375
2.0275028,0.003932952880859375,0.0005766555666923524,1.8494209,0.21529964,1.1509914,0.0,0.5436056,0.42041194,1.0000168,0.42075583,0.17808355,0.06899595260620117,0.07969999313354492,0.0005766555666923524,-0.57665557,2.0275028,0.14125177,0.0,0.07387423515319824,107,0.17808355,0.0,0.24432144,0.18286434,0.0,0.028
1.7787584,0.002919912338256836,0.0005809099674224853,1.6024437,0.1977898,1.1598508,0.0,0.52145827,0.40731347,0.9999828,0.40387288,0.17630751,0.07687497138977051,0.1384439468383789,0.0005809099674224853,-0.58090997,1.7787584,0.14043728,0.0,0.07854080200195312,108,0.17630751,0.0,0.23361726,0.18096155,0.0,0.02
1.6611502,0.004015922546386719,0.0005524839758872986,1.5062622,0.21012235,1.1242795,0.0,0.5396788,0.4227186,1.0000046,0.4209651,0.1548874,0.06863522529602051,0.07307100296020508,0.0005524839758872986,-0.552484,1.6611502,0.14488643,0.0,0.06301116943359375,109,0.1548874,0.0,0.24305554,0.15966707,0.0,0.02475
1.5543773,0.0027472972869873047,0.0006147158145904541,1.4049975,0.18944523,1.2322984,0.0,0.50086373,0.38854638,0.99998623,0.3874762,0.14937583,0.07383131980895996,0.11856985092163086,0.0006147158145904541,-0.6147158,1.5543773,0.13544749,0.0,0.06770515441894531,110,0.14937583,0.0,0.22589728,0.153876,0.0,0.02
1.6353875,0.005089998245239258,0.0005784497261047363,1.5284519,0.20487106,1.183935,0.0,0.51737577,0.40075964,1.0000088,0.4001372,0.10693559,0.0826570987701416,0.07191014289855957,0.0005784497261047363,-0.5784497,1.6353875,0.1405107,0.0,0.11447715759277344,111,0.10693559,0.0,0.23055092,0.11152163,0.0,0.02425
1.6746455,0.0030279159545898438,0.0005576483607292175,1.543572,0.19985852,1.0892324,0.0,0.5329382,0.41121796,1.0000094,0.41337442,0.1310744,0.08740377426147461,0.12603092193603516,0.0005576483607292175,-0.55764836,1.6746455,0.14349177,9.5367431640625e-07,0.0907890796661377,112,0.1310744,0.0,0.23447223,0.13574423,0.0,0.026
1.6459614,0.003036975860595703,0.0005774406194686889,1.5000609,0.19875693,1.1770833,0.0,0.5283648,0.41103446,1.0000112,0.41046718,0.14590262,0.10191011428833008,0.06845903396606445,0.0005774406194686889,-0.5774406,1.6459614,0.14040616,0.0,0.0626070499420166,113,0.14590262,0.0,0.23887946,0.1505904,0.0,0.02425
1.6401159,0.003201007843017578,0.0005591998100280762,1.508796,0.20256963,1.1128366,0.0,0.53493994,0.4100791,1.0000012,0.4151353,0.13131861,0.06705594062805176,0.07150626182556152,0.0005591998100280762,-0.5591998,1.6401159,0.14270875,0.0,0.0673978328704834,114,0.13131861,0.0,0.23679408,0.1359786,0.0,0.0245
1.5355428,0.0029828548431396484,0.0005793009996414185,1.4393277,0.2010005,1.1611282,0.0,0.53911847,0.41799396,0.9999909,0.42020324,0.09620971,0.08565402030944824,0.07696890830993652,0.0005793009996414185,-0.579301,1.5355428,0.14027114,0.0,0.09278678894042969,115,0.09620971,0.0,0.24008675,0.10096895,0.0,0.0245
1.6109306,0.0029129981994628906,0.0005848625302314758,1.4541858,0.1859451,1.1597879,0.0,0.5031203,0.38874057,0.99999547,0.3896913,0.15675451,0.1108238697052002,0.09084701538085938,0.0005848625302314758,-0.58486253,1.6109306,0.13965657,9.5367431640625e-07,0.1384439468383789,116,0.15675451,0.0,0.22385517,0.16122676,0.0,0.0185
1.7510935,0.0032548904418945312,0.0005468358397483826,1.6312362,0.18841824,1.0676696,0.0,0.5448972,0.42297816,1.000013,0.42345187,0.11986157,0.1618809700012207,0.18468785285949707,0.0005468358397483826,-0.54683584,1.7510935,0.14431441,0.0,0.11962389945983887,117,0.11986157,0.0,0.24415776,0.12463819,0.0,0.02625
1.6975324,0.0030851364135742188,0.0005670179724693298,1.5587308,0.19382511,1.1502501,0.0,0.5419607,0.4220035,0.9999767,0.42323726,0.13879746,0.14164185523986816,0.1168220043182373,0.0005670179724693298,-0.567018,1.6975324,0.1413783,0.0,0.14192414283752441,118,0.13879746,0.0,0.24486108,0.14358452,0.0,0.02675
1.7081288,0.003904104232788086,0.000543889582157135,1.6014439,0.20371059,1.0822018,0.0,0.53269565,0.42097697,0.9999873,0.41522187,0.10668237,0.08120107650756836,0.08416295051574707,0.000543889582157135,-0.5438896,1.7081288,0.14481527,0.0,0.0814061164855957,119,0.10668237,0.0,0.23900023,0.11143603,0.0,0.027
1.8775021,0.00671696662902832,0.0005573430061340332,1.7730339,0.19496118,1.1100112,0.0,0.53596276,0.41677552,1.0000024,0.4163334,0.104477905,0.10888981819152832,0.07799386978149414,0.0005573430061340332,-0.557343,1.8775021,0.14320321,0.0,0.06601095199584961,120,0.104477905,0.0,0.24259096,0.109203,0.0,0.033
1.8365688,0.0037429332733154297,0.0005514974594116211,1.6970203,0.20821537,1.0756897,0.0,0.539324,0.4173328,1.0000008,0.4192653,0.13955005,0.09468793869018555,0.07995796203613281,0.0005514974594116211,-0.55149746,1.8365688,0.14385669,0.0,0.0770120620727539,121,0.13955005,0.0,0.24020647,0.14427486,0.0,0.02975
1.7569686,0.00554966926574707,0.000567535400390625,1.6307194,0.20666818,1.1698884,0.0,0.5278724,0.4131967,0.9999927,0.4097479,0.12624827,0.07378578186035156,0.07465910911560059,0.000567535400390625,-0.5675354,1.7569686,0.14156723,0.0,0.06911063194274902,122,0.12624827,0.0,0.23947197,0.13094778,0.0,0.0275
1.9658473,0.004542112350463867,0.000582040786743164,1.8194212,0.20946944,1.1677341,0.0,0.5327731,0.41281933,1.0000069,0.41393375,0.14642946,0.08247804641723633,0.08092617988586426,0.000582040786743164,-0.5820408,1.9658473,0.139737,0.0,0.07034182548522949,123,0.14642946,0.0,0.2392145,0.15113969,0.0,0.0365
1.7897776,0.004956960678100586,0.0005653775930404663,1.6657659,0.21082833,1.1518135,0.0,0.5405474,0.41845885,0.99999833,0.41801575,0.12400132,0.07266616821289062,0.08348679542541504,0.0005653775930404663,-0.5653776,1.7897776,0.14229609,9.5367431640625e-07,0.08987283706665039,124,0.12400132,0.0,0.24442121,0.12875128,0.0,0.02825
1.956642,0.0036149024963378906,0.0005930302143096924,1.8272728,0.2162309,1.1919273,0.0,0.54134214,0.41898444,1.0000111,0.4194893,0.1293749,0.07763504981994629,0.09876775741577148,0.0005930302143096924,-0.5930302,1.956642,0.1383243,0.0,0.06453514099121094,125,0.1293749,0.0,0.24533218,0.13415779,0.0,0.0335
1.6964052,0.004027843475341797,0.00060032057762146,1.5932212,0.18801427,1.1860945,0.0,0.51481146,0.40280512,1.0000215,0.39826885,0.1031782,0.09119391441345215,0.07345104217529297,0.00060032057762146,-0.6003206,1.6964052,0.13725668,0.0,0.06696486473083496,126,0.1031782,0.0,0.23200428,0.10780658,0.0,0.03075
1.8569678,0.0032050609588623047,0.0006148350238800048,1.7171215,0.20077512,1.2373822,0.0,0.5176779,0.40035108,0.999994,0.40108758,0.13983513,0.07507872581481934,0.08077716827392578,0.0006148350238800048,-0.614835,1.8569678,0.13582014,0.0,0.08780097961425781,127,0.13983513,0.0,0.23315257,0.14445348,0.0,0.026
1.8571293,0.004209041595458984,0.0006186421513557435,1.6820021,0.20527034,1.2060863,0.0,0.5261964,0.40895322,1.0000262,0.4080912,0.17512612,0.07264995574951172,0.07196998596191406,0.0006186421513557435,-0.61864215,1.8571293,0.13519858,0.0,0.06755304336547852,128,0.17512612,0.0,0.2375657,0.17983429,0.0,0.0265
1.8048217,0.003519296646118164,0.0006309648752212525,1.6727148,0.18138319,1.2562801,0.0,0.51377296,0.39455828,0.9999918,0.39660662,0.13210681,0.0789480209350586,0.07716202735900879,0.0006309648752212525,-0.6309649,1.8048217,0.13351616,0.0,0.07174396514892578,129,0.13210681,0.0,0.23187795,0.13668336,0.0,0.027
1.6981407,0.0044138431549072266,0.0006199758052825928,1.598114,0.19432817,1.2423904,0.0,0.51903147,0.40733004,1.0000204,0.40461203,0.10002982,0.10668683052062988,0.07054710388183594,0.0006199758052825928,-0.6199758,1.6981407,0.13478224,0.0,0.06653380393981934,130,0.10002982,0.0,0.23463492,0.104723096,0.0,0.028
1.567967,0.0044209957122802734,0.0006125787496566772,1.4259479,0.19902496,1.2297627,0.0,0.5293875,0.41152436,1.0000107,0.41267234,0.14203303,0.0702829360961914,0.11897611618041992,0.0006125787496566772,-0.61257875,1.567967,0.1357873,0.0,0.0729069709777832,131,0.14203303,0.0,0.23834978,0.14676084,0.0,0.025
1.8226463,0.0036139488220214844,0.0005834171772003174,1.6723629,0.20649198,1.1941589,0.0,0.5276955,0.4093942,0.9999604,0.40954974,0.150278,0.07124924659729004,0.09956598281860352,0.0005834171772003174,-0.5834172,1.8226463,0.14020374,1.1920928955078125e-06,0.07356786727905273,132,0.150278,0.0,0.23531146,0.15495536,0.0,0.0245
1.6548452,0.0031280517578125,0.0006255804896354675,1.510874,0.17664419,1.2572007,0.0,0.515126,0.40274894,0.99999726,0.40034577,0.14397582,0.10581707954406738,0.07959675788879395,0.0006255804896354675,-0.6255805,1.6548452,0.13452883,0.0,0.09016609191894531,133,0.14397582,0.0,0.23295274,0.14862889,0.0,0.025
1.7045379,0.0033571720123291016,0.0006127245426177978,1.5843202,0.1776755,1.2169117,0.0,0.52623546,0.4084908,1.0000033,0.41000485,0.12021522,0.0989220142364502,0.06795287132263184,0.0006127245426177978,-0.61272454,1.7045379,0.13592246,0.0,0.07196283340454102,134,0.12021522,0.0,0.23902842,0.12491285,0.0,0.0285
1.6014098,0.0040662288665771484,0.0006149284839630127,1.512052,0.19532739,1.2302856,0.0,0.524668,0.4056711,1.0000018,0.4081285,0.08935082,0.0851740837097168,0.07425475120544434,0.0006149284839630127,-0.6149285,1.6014098,0.13532932,0.0,0.09438800811767578,135,0.08935082,0.0,0.23702715,0.09402245,0.0,0.02625
1.6138731,0.0037240982055664062,0.0006185706257820129,1.4950371,0.19044958,1.2405474,0.0,0.53092146,0.41195112,0.99999917,0.4148965,0.118834816,0.07086420059204102,0.07288765907287598,0.0006185706257820129,-0.6185706,1.6138731,0.13496627,1.1920928955078125e-06,0.07354426383972168,136,0.118834816,0.0,0.24134038,0.12357289,0.0,0.0285
1.6196805,0.0035390853881835938,0.0006168898344039917,1.5216811,0.1884208,1.2461615,0.0,0.5263683,0.40755767,1.0000118,0.40770563,0.09800698,0.08368706703186035,0.09191703796386719,0.0006168898344039917,-0.61688983,1.6196805,0.13525786,0.0,0.06689286231994629,137,0.09800698,0.0,0.23980664,0.10269945,0.0,0.02375
1.6640339,0.0031769275665283203,0.0005667532682418823,1.4826767,0.19896968,1.1027821,0.0,0.5401743,0.42134288,0.99998784,0.4223531,0.18135631,0.0729060173034668,0.0660400390625,0.0005667532682418823,-0.56675327,1.6640339,0.14261548,0.0,0.06547808647155762,138,0.18135631,0.0,0.24153921,0.18613648,0.0,0.02175
1.7152718,0.0027899742126464844,0.0006037544012069702,1.6249568,0.18294878,1.2248011,0.0,0.5219858,0.4097545,1.0000027,0.40273345,0.09031723,0.07019186019897461,0.07545590400695801,0.0006037544012069702,-0.6037544,1.7152718,0.13678174,0.0,0.06648397445678711,139,0.09031723,0.0,0.23884268,0.09501853,0.0,0.02775
1.4163411,0.0031359195709228516,0.000631126344203949,1.2545718,0.2022647,1.2830379,0.0,0.5142675,0.40097547,1.0000029,0.40042618,0.16176525,0.07962679862976074,0.07283592224121094,0.000631126344203949,-0.63112634,1.4163411,0.13330263,0.0,0.06803488731384277,140,0.16176525,0.0,0.23611946,0.16640612,0.0,0.01575
2.0169456,0.0026922225952148438,0.0006020476818084717,1.9458851,0.200989,1.1865133,0.0,0.5330904,0.41217288,1.0000149,0.41108185,0.071066745,0.06621909141540527,0.07541298866271973,0.0006020476818084717,-0.6020477,2.0169456,0.13759325,0.0,0.08155226707458496,141,0.071066745,0.0,0.24229613,0.07579052,0.0,0.035
1.6070733,0.0034470558166503906,0.0005975177884101867,1.437831,0.1872102,1.2078015,0.0,0.51975286,0.40653205,1.0000038,0.40556258,0.16925518,0.06989216804504395,0.07278895378112793,0.0005975177884101867,-0.5975178,1.6070733,0.13800074,0.0,0.06354498863220215,142,0.16925518,0.0,0.232324,0.17391802,0.0,0.0215
1.8151135,0.0046999454498291016,0.0005889386534690857,1.7585534,0.22231981,1.1963757,0.0,0.55457145,0.42092675,1.000023,0.42581254,0.056555722,0.07829594612121582,0.07360696792602539,0.0005889386534690857,-0.58893865,1.8151135,0.13943839,0.0,0.09052300453186035,143,0.056555722,0.0,0.24970861,0.06135393,0.0,0.0315
1.7696599,0.1268012523651123,0.0005921543836593628,1.5649747,0.20578839,1.1910847,0.0,0.518304,0.39990276,1.0000043,0.40306738,0.20468466,0.0688779354095459,0.07135725021362305,0.0005921543836593628,-0.5921544,1.7696599,0.13919534,9.5367431640625e-07,0.06564188003540039,144,0.20468466,0.0,0.23181982,0.20927584,0.0,0.01825
1.9630818,0.005216836929321289,0.0005732350945472718,1.8754158,0.20707317,1.1543806,0.0,0.544943,0.4157345,0.9999905,0.4202483,0.08766484,0.13756179809570312,0.06724882125854492,0.0005732350945472718,-0.5732351,1.9630818,0.14095189,9.5367431640625e-07,0.14757394790649414,145,0.08766484,0.0,0.24569473,0.09239542,0.0,0.0285
1.6699226,0.004232883453369141,0.0005971739292144776,1.4465121,0.19782019,1.2309121,0.0,0.5068146,0.3951972,1.0000122,0.39246327,0.2234016,0.07187414169311523,0.07004904747009277,0.0005971739292144776,-0.5971739,1.6699226,0.13792782,0.0,0.06225013732910156,146,0.2234016,0.0,0.22575451,0.22795075,0.0,0.01625
1.7894189,0.0031049251556396484,0.0005463740825653076,1.693391,0.22131398,1.0713503,0.0,0.5527386,0.4284819,0.99999124,0.42872506,0.0960235,0.06731200218200684,0.07541513442993164,0.0005463740825653076,-0.5463741,1.7894189,0.14490464,0.0,0.08955097198486328,147,0.0960235,0.0,0.24587947,0.100854695,0.0,0.025
1.6485962,0.00484919548034668,0.0005723799467086793,1.4950125,0.20964251,1.15818,0.0,0.5324267,0.4176902,1.0000198,0.41332394,0.15358758,0.08129405975341797,0.10897588729858398,0.0005723799467086793,-0.57237995,1.6485962,0.14131258,0.0,0.06873822212219238,148,0.15358758,0.0,0.23954107,0.15833686,0.0,0.027
1.5145622,0.003682851791381836,0.0005924198031425476,1.4308393,0.20423272,1.1787639,0.0,0.5194375,0.40972152,0.9999922,0.4018651,0.08372467,0.07050585746765137,0.09199810028076172,0.0005924198031425476,-0.5924198,1.5145622,0.13845934,0.0,0.07164692878723145,149,0.08372467,0.0,0.23414981,0.088414304,0.0,0.0225
1.562688,0.0033388137817382812,0.00059247487783432,1.3704852,0.19805194,1.1531668,0.0,0.5135027,0.3972032,0.9999812,0.39816138,0.19220394,0.07875275611877441,0.08650684356689453,0.00059247487783432,-0.5924749,1.562688,0.1383368,0.0,0.09914183616638184,150,0.19220394,0.0,0.2248504,0.19676845,0.0,0.016
1.6427182,0.0038123130798339844,0.000559798538684845,1.533078,0.1892565,1.1295282,0.0,0.5402011,0.4181159,1.0000168,0.41862085,0.10964971,0.0701150894165039,0.07187509536743164,0.000559798538684845,-0.55979854,1.6427182,0.14247319,0.0,0.06937098503112793,151,0.10964971,0.0,0.24087113,0.11439067,0.0,0.026
1.534992,0.004315853118896484,0.0005669293999671936,1.3663926,0.18897744,1.1625651,0.0,0.53548634,0.41974297,0.99998695,0.4176779,0.16860102,0.07497072219848633,0.08803677558898926,0.0005669293999671936,-0.5669294,1.534992,0.14120322,0.0,0.07167506217956543,152,0.16860102,0.0,0.23873077,0.17336538,0.0,0.02275
1.715752,0.007715940475463867,0.0005659101605415345,1.639178,0.17367251,1.1403401,0.0,0.5394902,0.4209694,0.9999987,0.42148665,0.076583676,0.10846114158630371,0.07776689529418945,0.0005659101605415345,-0.56591016,1.715752,0.14202975,0.0,0.06721615791320801,153,0.076583676,0.0,0.24164163,0.08135928,0.0,0.034
1.6622219,0.008280038833618164,0.0005756626725196838,1.5670781,0.19622217,1.1517161,0.0,0.545706,0.42208785,0.99999416,0.424528,0.095142275,0.08965826034545898,0.09044194221496582,0.0005756626725196838,-0.5756627,1.6622219,0.14078422,0.0,0.06513595581054688,154,0.095142275,0.0,0.24078523,0.09993882,0.0,0.036
1.6624031,0.003849029541015625,0.0005639673471450805,1.5485574,0.19124201,1.1166389,0.0,0.5338482,0.41815668,0.99999404,0.41632172,0.11384212,0.0704197883605957,0.1510000228881836,0.0005639673471450805,-0.56396735,1.6624031,0.14217517,0.0,0.09711599349975586,155,0.11384212,0.0,0.23896937,0.11858765,0.0,0.03375
1.7082267,0.004305839538574219,0.000567996084690094,1.6629968,0.1999376,1.1535122,0.0,0.5509792,0.43137592,1.0000123,0.43019482,0.045230076,0.0800180435180664,0.08190107345581055,0.000567996084690094,-0.5679961,1.7082267,0.14200176,0.0,0.0644218921661377,156,0.045230076,0.0,0.24823833,0.05011183,0.0,0.03975
1.9077231,0.004848957061767578,0.0005843997597694397,1.8732897,0.17708048,1.1900337,0.0,0.54474175,0.42815703,1.0000277,0.4240272,0.034429394,0.1176609992980957,0.15836286544799805,0.0005843997597694397,-0.58439976,1.9077231,0.13941695,0.0,0.07296490669250488,157,0.034429394,0.0,0.24532528,0.039295364,0.0,0.04775
2.008878,0.008153915405273438,0.0005484741926193238,1.9800086,0.18337858,1.0644606,0.0,0.5562975,0.4325006,0.9999795,0.43694487,0.028871186,0.07925987243652344,0.08152031898498535,0.0005484741926193238,-0.5484742,2.008878,0.14399935,9.5367431640625e-07,0.06766796112060547,158,0.028871186,0.0,0.2498968,0.033744667,0.0,0.04925
2.0562675,0.005790233612060547,0.0005731286406517029,1.9916142,0.17569782,1.1565078,0.0,0.5402149,0.427438,0.9999973,0.42376205,0.064658366,0.07938575744628906,0.07912206649780273,0.0005731286406517029,-0.57312864,2.0562675,0.1405679,0.0,0.06989407539367676,159,0.064658366,0.0,0.24155691,0.06950588,0.0,0.047
1.9192723,0.00518488883972168,0.0005589778423309327,1.8671945,0.20265701,1.1249586,0.0,0.5418331,0.42403877,0.9999832,0.42524377,0.052059706,0.07828021049499512,0.10395479202270508,0.0005589778423309327,-0.55897784,1.9192723,0.1431289,0.0,0.08432888984680176,160,0.052059706,0.0,0.24170616,0.05685907,0.0,0.0445
1.849628,0.004823207855224609,0.0005778611302375793,1.853237,0.19297226,1.1683977,0.0,0.5352237,0.41754916,0.99998605,0.41852638,-0.0036182157,0.09304404258728027,0.08119392395019531,0.0005778611302375793,-0.57786113,1.849628,0.14063986,0.0,0.0688788890838623,161,-0.0036182157,0.0,0.24032207,0.0011351372,0.0,0.04875
1.9187522,0.004671812057495117,0.0005298417806625366,1.8619431,0.19994915,1.0229197,0.0,0.5569276,0.43831506,1.0000138,0.43705133,0.05681004,0.07115411758422852,0.10373783111572266,0.0005298417806625366,-0.5298418,1.9187522,0.14721368,0.0,0.07042503356933594,162,0.05681004,0.0,0.24595444,0.06172303,0.0,0.04325
1.7461135,0.0041887760162353516,0.000558303713798523,1.6550589,0.20892707,1.1222872,0.0,0.54860455,0.42507666,1.000011,0.4306617,0.09105386,0.0694270133972168,0.09011411666870117,0.000558303713798523,-0.5583037,1.7461135,0.1432474,9.5367431640625e-07,0.07443380355834961,163,0.09105386,0.0,0.24199966,0.095862925,0.0,0.03275
1.6481324,0.007088899612426758,0.0005762132406234742,1.5743918,0.20201163,1.1444898,0.0,0.53704727,0.42056698,1.0000309,0.41896644,0.073751144,0.07484102249145508,0.07369422912597656,0.0005762132406234742,-0.57621324,1.6481324,0.14070572,0.0,0.07400989532470703,164,0.073751144,0.0,0.24015203,0.07853302,0.0,0.0335
1.6944699,0.003287076950073242,0.0005697357058525085,1.5938966,0.20546612,1.156258,0.0,0.52930665,0.41514575,1.0000018,0.41200736,0.10057433,0.0915226936340332,0.0815889835357666,0.0005697357058525085,-0.5697357,1.6944699,0.14129129,0.0,0.07639598846435547,165,0.10057433,0.0,0.23645858,0.105295524,0.0,0.02775
1.7644188,0.004123210906982422,0.0005511958599090577,1.6268935,0.19696942,1.0899061,0.0,0.54649067,0.42261603,1.0000231,0.42500252,0.13751471,0.07361817359924316,0.07635664939880371,0.0005511958599090577,-0.55119586,1.7644188,0.14412916,0.0,0.06782126426696777,166,0.13751471,0.0,0.24371251,0.14229207,0.0,0.02725
1.747052,0.00465703010559082,0.0005461825132369995,1.655907,0.1782145,1.0804434,0.0,0.53091484,0.42162946,1.0000036,0.41424328,0.09113352,0.1009829044342041,0.08475589752197266,0.0005461825132369995,-0.5461825,1.747052,0.1443569,0.0,0.06719017028808594,167,0.09113352,0.0,0.23627183,0.09589599,0.0,0.03025
1.9999095,0.003592967987060547,0.000569782316684723,1.8245741,0.20772973,1.111878,0.0,0.5486854,0.42716238,1.0000143,0.42605424,0.17533559,0.09311103820800781,0.08573389053344727,0.000569782316684723,-0.5697823,1.9999095,0.1408327,7.152557373046875e-07,0.06314277648925781,168,0.17533559,0.0,0.2501421,0.18017699,0.0,0.02875
1.9898821,0.006096839904785156,0.0005726983547210693,1.8452525,0.1933148,1.1633202,0.0,0.5354046,0.41781083,1.0000036,0.4178369,0.14463142,0.0764470100402832,0.06646919250488281,0.0005726983547210693,-0.57269835,1.9898821,0.14062119,0.0,0.06845378875732422,169,0.14463142,0.0,0.24005328,0.14938222,0.0,0.02875
1.8737617,0.007761955261230469,0.0005767781734466553,1.7187591,0.17124729,1.1355051,0.0,0.52348566,0.40527147,1.0000155,0.40619227,0.15501282,0.07475876808166504,0.0747683048248291,0.0005767781734466553,-0.5767782,1.8737617,0.140558,0.0,0.06639885902404785,170,0.15501282,0.0,0.2311108,0.15964231,0.0,0.0235
1.9113773,0.004027128219604492,0.0005763345956802369,1.751834,0.18285766,1.1271945,0.0,0.52259254,0.4105159,0.99998814,0.40722844,0.15954469,0.07864975929260254,0.1273360252380371,0.0005763345956802369,-0.5763346,1.9113773,0.14035732,0.0,0.08593416213989258,171,0.15954469,0.0,0.23412226,0.16422619,0.0,0.027
1.7213534,0.00486302375793457,0.000604647696018219,1.5477705,0.1774933,1.2125301,0.0,0.5052643,0.39457774,0.9999807,0.39249614,0.17358062,0.08172392845153809,0.0852506160736084,0.000604647696018219,-0.6046477,1.7213534,0.13648187,0.0,0.06489324569702148,172,0.17358062,0.0,0.22655864,0.17813104,0.0,0.01775
2.1210058,0.003964900970458984,0.0005680379867553711,1.9842143,0.1866404,1.1396666,0.0,0.532557,0.4202646,0.99999106,0.41770074,0.13679193,0.07379484176635742,0.08067011833190918,0.0005680379867553711,-0.568038,2.1210058,0.1413998,0.0,0.08028817176818848,173,0.13679193,0.0,0.2393135,0.14156261,0.0,0.0355
1.868275,0.003134012222290039,0.0005963318943977356,1.6949619,0.18278544,1.1429094,0.0,0.5228654,0.4071376,1.0000045,0.40984252,0.17331281,0.07174491882324219,0.07212996482849121,0.0005963318943977356,-0.5963319,1.868275,0.13750458,0.0,0.07479310035705566,174,0.17331281,0.0,0.23368225,0.17798051,0.0,0.02375
1.9934514,0.0036199092864990234,0.0005933591723442078,1.8453367,0.17557664,1.1772093,0.0,0.530441,0.41240057,1.0000087,0.41482994,0.14811261,0.07400393486022949,0.06848311424255371,0.0005933591723442078,-0.5933592,1.9934514,0.13791095,0.0,0.06327295303344727,175,0.14811261,0.0,0.23700324,0.15282997,0.0,0.0295
1.8643384,0.003535032272338867,0.0005779183506965638,1.7135825,0.16873962,1.1522142,0.0,0.5164616,0.4053367,1.000012,0.40458333,0.15074958,0.12275004386901855,0.07040786743164062,0.0005779183506965638,-0.57791835,1.8643384,0.14019708,0.0,0.09208488464355469,176,0.15074958,0.0,0.22924016,0.15538086,0.0,0.0275
1.6909668,0.004233837127685547,0.0005707431435585022,1.5649545,0.18448877,1.167237,0.0,0.5124742,0.40313867,1.0000098,0.40156853,0.12601396,0.07315587997436523,0.06990504264831543,0.0005707431435585022,-0.57074314,1.6909668,0.1413509,0.0,0.06909966468811035,177,0.12601396,0.0,0.22996491,0.1306161,0.0,0.02775
1.802279,0.0038068294525146484,0.0005483576059341431,1.6395421,0.19020747,1.0923276,0.0,0.54817873,0.43095955,0.9999836,0.42824566,0.16273147,0.0669867992401123,0.08005213737487793,0.0005483576059341431,-0.5483576,1.802279,0.1444956,0.0,0.09188508987426758,178,0.16273147,0.0,0.24438919,0.16758943,0.0,0.0275
1.8385481,0.0031881332397460938,0.0005572013258934021,1.7039893,0.19042405,1.1163839,0.0,0.54151845,0.42346546,0.99999684,0.42455298,0.13456458,0.07223010063171387,0.07757282257080078,0.0005572013258934021,-0.5572013,1.8385481,0.14296061,0.0,0.07736396789550781,179,0.13456458,0.0,0.24297056,0.13935643,0.0,0.0305
1.7946892,0.0035877227783203125,0.0005550521612167358,1.6916556,0.1949979,1.1390872,0.0,0.5352925,0.42411074,1.0000044,0.42004243,0.103043914,0.07294797897338867,0.08959102630615234,0.0005550521612167358,-0.55505216,1.7946892,0.14364855,9.5367431640625e-07,0.07868599891662598,180,0.103043914,0.0,0.2422469,0.107840076,0.0,0.033
1.667577,0.0031900405883789062,0.000570688247680664,1.5453572,0.18951935,1.1403794,0.0,0.51914614,0.4063131,0.9999812,0.40556267,0.12221709,0.07274699211120605,0.07212996482849121,0.000570688247680664,-0.57068825,1.667577,0.14125702,0.0,0.06402206420898438,181,0.12221709,0.0,0.23023544,0.1268509,0.0,0.02875
1.6669035,0.0038022994995117188,0.0005456534028053284,1.5691644,0.20199487,1.0957278,0.0,0.52940917,0.41774037,1.0000056,0.41494682,0.097740345,0.06900691986083984,0.0975642204284668,0.0005456534028053284,-0.5456534,1.6669035,0.14505728,9.5367431640625e-07,0.06459879875183105,182,0.097740345,0.0,0.23363353,0.1024634,0.0,0.03225
1.6314491,0.006938934326171875,0.0005527564287185669,1.5322713,0.21109262,1.0832925,0.0,0.55171806,0.4306728,1.0000019,0.43173695,0.09918229,0.0722050666809082,0.08596491813659668,0.0005527564287185669,-0.5527564,1.6314491,0.14392947,0.0,0.07539081573486328,183,0.09918229,0.0,0.2466378,0.10404178,0.0,0.0295
1.7749507,0.003907918930053711,0.0005424787402153015,1.6856388,0.21697612,1.0944014,0.0,0.5423489,0.4269758,1.0000181,0.42313826,0.08931192,0.079010009765625,0.10918498039245605,0.0005424787402153015,-0.54247874,1.7749507,0.14564654,0.0,0.06785416603088379,184,0.08931192,0.0,0.24221113,0.09412415,0.0,0.033
1.6921601,0.0036270618438720703,0.0005426538586616516,1.5391877,0.20164424,1.0985522,0.0,0.5376174,0.42726356,0.99998474,0.42023796,0.15296076,0.0840907096862793,0.07234001159667969,0.0005426538586616516,-0.54265386,1.6921601,0.14536813,0.0,0.07150506973266602,185,0.15296076,0.0,0.24292758,0.15777606,0.0,0.02875
1.82906,0.0034737586975097656,0.0005421534180641175,1.764118,0.19017741,1.0422705,0.0,0.5400416,0.41901103,1.0000042,0.42257637,0.06495479,0.06870293617248535,0.06968188285827637,0.0005421534180641175,-0.5421534,1.82906,0.1453925,0.0,0.06483078002929688,186,0.06495479,0.0,0.23761202,0.06968705,0.0,0.033
1.8176563,0.003757953643798828,0.0005569522976875305,1.7282361,0.20090489,1.1023242,0.0,0.54008585,0.42136538,1.000008,0.42177132,0.0894267,0.12915897369384766,0.1181790828704834,0.0005569522976875305,-0.5569523,1.8176563,0.1433196,0.0,0.06613779067993164,187,0.0894267,0.0,0.24169487,0.0941973,0.0,0.033
1.860315,0.003476858139038086,0.000562681794166565,1.7573813,0.19268125,1.1244415,0.0,0.5411009,0.41782945,1.0000172,0.4215806,0.10294302,0.08108806610107422,0.08923602104187012,0.000562681794166565,-0.5626818,1.860315,0.14235143,9.5367431640625e-07,0.09086894989013672,188,0.10294302,0.0,0.2415683,0.107683994,0.0,0.034
1.957687,0.003512144088745117,0.0005396137237548828,1.8591914,0.22519776,1.0700442,0.0,0.5545775,0.4309544,0.9999966,0.4325343,0.098493665,0.07148528099060059,0.08072185516357422,0.0005396137237548828,-0.5396137,1.957687,0.14614004,0.0,0.06272006034851074,189,0.098493665,0.0,0.24925889,0.10334282,0.0,0.034
1.9489689,0.0028128623962402344,0.0005678583383560181,1.8512747,0.19432634,1.1676557,0.0,0.529904,0.41237733,0.9999988,0.4143065,0.09768215,0.07442569732666016,0.07465577125549316,0.0005678583383560181,-0.56785834,1.9489689,0.1425057,0.0,0.06539082527160645,190,0.09768215,0.0,0.2370305,0.10237378,0.0,0.03375
2.0808349,0.0036249160766601562,0.0005560475587844849,1.9235915,0.21265864,1.1124928,0.0,0.5565599,0.43284497,0.99997866,0.43499497,0.15723795,0.07888936996459961,0.0844888687133789,0.0005560475587844849,-0.55604756,2.0808349,0.14358689,0.0,0.06883001327514648,191,0.15723795,0.0,0.24877106,0.16212244,0.0,0.0295
2.0521202,0.0031549930572509766,0.000566823959350586,1.9375553,0.20828159,1.1455208,0.0,0.55351865,0.43037358,0.9999946,0.43197307,0.11456623,0.11566996574401855,0.13552403450012207,0.000566823959350586,-0.56682396,2.0521202,0.14262937,0.0,0.1331021785736084,192,0.11456623,0.0,0.24911197,0.11943679,0.0,0.0345
1.9922413,0.0035288333892822266,0.0005883915424346924,1.8778472,0.20339136,1.1652114,0.0,0.53994817,0.42276508,1.000011,0.42119056,0.11439226,0.07764816284179688,0.0761258602142334,0.0005883915424346924,-0.58839154,1.9922413,0.13952506,0.0,0.07071328163146973,193,0.11439226,0.0,0.24204718,0.119208306,0.0,0.031
2.025381,0.003509998321533203,0.0005784915089607239,1.9172636,0.21206263,1.142626,0.0,0.5353666,0.4165624,1.0000237,0.41757196,0.10812733,0.07364702224731445,0.08340191841125488,0.0005784915089607239,-0.5784915,2.025381,0.14107408,0.0,0.0655066967010498,194,0.10812733,0.0,0.24077159,0.11287145,0.0,0.03325
1.9841433,0.0036590099334716797,0.0005669195055961609,1.8803722,0.22593342,1.1320535,0.0,0.5455884,0.42473206,0.9999902,0.42663977,0.103779875,0.08662295341491699,0.08670520782470703,0.0005669195055961609,-0.5669195,1.9841433,0.14220366,0.0,0.07906389236450195,195,0.103779875,0.0,0.24417219,0.10859412,0.0,0.03575
1.6470088,0.0050830841064453125,0.0005639358162879944,1.52492,0.2228559,1.1473056,0.0,0.5557332,0.43555063,0.9999921,0.43142006,0.122091815,0.08095908164978027,0.0901176929473877,0.0005639358162879944,-0.5639358,1.6470088,0.142986,0.0,0.11648702621459961,196,0.122091815,0.0,0.25037053,0.12701125,0.0,0.0265
1.9735471,0.0037140846252441406,0.0005435519814491272,1.8403044,0.20796485,1.0998733,0.0,0.5513764,0.4308577,1.0000194,0.4292983,0.1332357,0.09272217750549316,0.10856509208679199,0.0005435519814491272,-0.543552,1.9735471,0.14595905,9.5367431640625e-07,0.09253287315368652,197,0.1332357,0.0,0.24881515,0.13808782,0.0,0.03025
1.8856744,0.004574298858642578,0.0005498825311660766,1.7257831,0.23517793,1.0803157,0.0,0.549084,0.4310121,1.0000031,0.4283046,0.15989834,0.07959914207458496,0.10939192771911621,0.0005498825311660766,-0.54988253,1.8856744,0.14481807,0.0,0.10169792175292969,198,0.15989834,0.0,0.24555838,0.16475834,0.0,0.02675
1.8924497,0.02188706398010254,0.0005420687198638916,1.7496617,0.2051826,1.0790647,0.0,0.5487595,0.42759484,1.0000087,0.42803827,0.14280443,0.07723808288574219,0.0739600658416748,0.0005420687198638916,-0.5420687,1.8924497,0.14541906,0.0,0.0730900764465332,199,0.14280443,0.0,0.24717158,0.14762245,0.0,0.0315
1.8749348,0.004355907440185547,0.0005500844120979309,1.7407508,0.22261281,1.074117,0.0,0.5559887,0.43159783,1.0000057,0.4327203,0.13418543,0.0901491641998291,0.07935094833374023,0.0005500844120979309,-0.5500844,1.8749348,0.1442876,0.0,0.06701207160949707,200,0.13418543,0.0,0.25057888,0.1390515,0.0,0.02975
1.9103887,0.0038230419158935547,0.0005255834460258483,1.7831582,0.18853773,1.0460886,0.0,0.5349587,0.4230221,0.99999547,0.417861,0.1272334,0.07614612579345703,0.07326316833496094,0.0005255834460258483,-0.52558345,1.9103887,0.14753406,0.0,0.07592272758483887,201,0.1272334,0.0,0.23781577,0.1319892,0.0,0.02675
1.9983015,0.006922006607055664,0.0005218338370323181,1.7769371,0.19014044,1.0426594,0.0,0.53391093,0.41815326,1.000018,0.41808116,0.22136635,0.08623933792114258,0.07568883895874023,0.0005218338370323181,-0.52183384,1.9983015,0.14838074,0.0,0.07321500778198242,202,0.22136635,0.0,0.23601067,0.22606972,0.0,0.02425
1.9928819,0.0044748783111572266,0.0005571519136428833,1.7867048,0.17140807,1.1206223,0.0,0.53202105,0.42469206,1.0000026,0.41753006,0.20619558,0.10348081588745117,0.07624197006225586,0.0005571519136428833,-0.5571519,1.9928819,0.14315139,0.0,0.07293415069580078,203,0.20619558,0.0,0.2375949,0.21099965,0.0,0.02875
1.7158438,0.0030090808868408203,0.0005701246261596679,1.615535,0.18784685,1.1373608,0.0,0.51306283,0.3987041,1.0000032,0.40008765,0.10031763,0.07880711555480957,0.08899593353271484,0.0005701246261596679,-0.5701246,1.7158438,0.14110388,0.0,0.0865790843963623,204,0.10031763,0.0,0.22821392,0.1048748,0.0,0.03025
2.0843813,0.003905057907104492,0.0005607077479362488,1.8563147,0.17714709,1.1017853,0.0,0.5239353,0.41019946,0.99995923,0.41180706,0.22805156,0.12391090393066406,0.0750892162322998,0.0005607077479362488,-0.56070775,2.0843813,0.14308889,0.0,0.06945466995239258,205,0.22805156,0.0,0.23119095,0.23271425,0.0,0.0215
2.205313,0.0033159255981445312,0.0005682713389396668,1.9495701,0.17018163,1.1344963,0.0,0.52611727,0.4125312,1.0000051,0.41281006,0.25574854,0.11023902893066406,0.06739473342895508,0.0005682713389396668,-0.56827134,2.205313,0.14207208,9.5367431640625e-07,0.07251787185668945,206,0.25574854,0.0,0.23193249,0.26044214,0.0,0.02525
2.2549262,0.0032241344451904297,0.0005657413601875305,2.0067174,0.18593296,1.1127988,0.0,0.53857875,0.42266768,1.0000185,0.4209983,0.24821854,0.0679621696472168,0.07737207412719727,0.0005657413601875305,-0.56574136,2.2549262,0.14160171,0.0,0.06529092788696289,207,0.24821854,0.0,0.23919645,0.25301096,0.0,0.0235
1.9492977,0.0031540393829345703,0.0005556944608688354,1.7994827,0.17862345,1.1247927,0.0,0.5315636,0.41992876,0.99998766,0.4179182,0.14982131,0.07090926170349121,0.07159805297851562,0.0005556944608688354,-0.55569446,1.9492977,0.14392555,7.152557373046875e-07,0.06343507766723633,208,0.14982131,0.0,0.23422264,0.15457629,0.0,0.0335
1.7752945,0.0036919116973876953,0.0005716632008552551,1.6426228,0.19825475,1.1380796,0.0,0.5182918,0.40558583,0.9999874,0.4040163,0.1326637,0.07522821426391602,0.07833290100097656,0.0005716632008552551,-0.5716632,1.7752945,0.14108588,0.0,0.0705409049987793,209,0.1326637,0.0,0.2282808,0.13729122,0.0,0.02925
1.837304,0.007177829742431641,0.0005616740584373474,1.7090768,0.19216031,1.133182,0.0,0.5223969,0.4055722,1.0000046,0.40747902,0.12823126,0.07679200172424316,0.0792539119720459,0.0005616740584373474,-0.56167406,1.837304,0.14289398,0.0,0.07888007164001465,210,0.12823126,0.0,0.23107189,0.13284865,0.0,0.03325
1.8468875,0.004051923751831055,0.0005614391565322876,1.6841679,0.19999076,1.1097438,0.0,0.53895485,0.42030278,0.9999717,0.41850793,0.16271737,0.07810401916503906,0.06914496421813965,0.0005614391565322876,-0.56143916,1.8468875,0.14272733,0.0,0.06235194206237793,211,0.16271737,0.0,0.23948053,0.16748184,0.0,0.02625
1.7190466,0.002904176712036133,0.0005584022402763366,1.6188338,0.20971341,1.1070045,0.0,0.542962,0.4190135,1.0000261,0.42013222,0.10021662,0.06894707679748535,0.0846867561340332,0.0005584022402763366,-0.55840224,1.7190466,0.1434983,0.0,0.0821831226348877,212,0.10021662,0.0,0.24551623,0.10496515,0.0,0.03
1.9667645,0.0032079219818115234,0.0005442918539047241,1.8297062,0.21247698,1.1316619,0.0,0.54866236,0.42307785,1.0000145,0.42566803,0.137063,0.09826087951660156,0.06986021995544434,0.0005442918539047241,-0.54429185,1.9667645,0.14562719,0.0,0.06684708595275879,213,0.137063,0.0,0.24757935,0.14183807,0.0,0.03425
1.935507,0.003142118453979492,0.0005324770212173462,1.839083,0.20687503,1.0634773,0.0,0.5549849,0.4304701,1.0000066,0.43160787,0.09642947,0.07518792152404785,0.07403802871704102,0.0005324770212173462,-0.532477,1.935507,0.14703678,0.0,0.08628082275390625,214,0.09642947,0.0,0.24901137,0.101266645,0.0,0.0385
2.0352979,0.0034418106079101562,0.0005638549923896789,1.9330597,0.1813476,1.1028062,0.0,0.5220031,0.41402996,0.9999977,0.40733695,0.10223368,0.07309627532958984,0.0718839168548584,0.0005638549923896789,-0.563855,2.0352979,0.142278,9.5367431640625e-07,0.06575703620910645,215,0.10223368,0.0,0.23688431,0.10693783,0.0,0.03825
1.6172391,0.0031502246856689453,0.0005917636156082154,1.4930214,0.17860273,1.2004913,0.0,0.51790583,0.40412,0.99999124,0.40111104,0.12422046,0.06974601745605469,0.07244014739990234,0.0005917636156082154,-0.5917636,1.6172391,0.13833322,0.0,0.06310391426086426,216,0.12422046,0.0,0.23309961,0.12885343,0.0,0.02625
1.6445897,0.0035457611083984375,0.0005898628830909729,1.5680139,0.19091062,1.198577,0.0,0.5183773,0.4040981,0.9999839,0.40327454,0.07657143,0.06961393356323242,0.07118487358093262,0.0005898628830909729,-0.5898629,1.6445897,0.13923527,0.0,0.07397985458374023,217,0.07657143,0.0,0.23370384,0.08120227,0.0,0.029
1.6439762,0.00350189208984375,0.0005713125467300415,1.5055038,0.17839988,1.1223364,0.0,0.5317859,0.41709694,1.0000004,0.41536844,0.1384756,0.08319902420043945,0.07906913757324219,0.0005713125467300415,-0.57131255,1.6439762,0.14097586,9.5367431640625e-07,0.0659630298614502,218,0.1384756,0.0,0.23937948,0.14321788,0.0,0.023
1.7632424,0.004804134368896484,0.0005661601424217224,1.6808342,0.17786989,1.1194553,0.0,0.54072267,0.41930395,1.0000073,0.4214535,0.08240841,0.08162999153137207,0.0765681266784668,0.0005661601424217224,-0.56616014,1.7632424,0.1416319,0.0,0.07085180282592773,219,0.08240841,0.0,0.24049911,0.08716761,0.0,0.0315
1.7252744,0.0037779808044433594,0.0005551137924194337,1.5586301,0.18360077,1.1099854,0.0,0.5398079,0.42336908,0.9999818,0.42149562,0.16664433,0.07069873809814453,0.0726618766784668,0.0005551137924194337,-0.5551138,1.7252744,0.14307576,0.0,0.06946587562561035,220,0.16664433,0.0,0.24151328,0.17143314,0.0,0.0245
1.689207,0.004575014114379883,0.0005529544949531555,1.5682378,0.19582757,1.0741878,0.0,0.5533974,0.4310608,1.0000131,0.43331036,0.12096012,0.07115316390991211,0.07262492179870605,0.0005529544949531555,-0.5529545,1.689207,0.14383563,0.0,0.06428289413452148,221,0.12096012,0.0,0.24714573,0.12582368,0.0,0.02875
1.708777,0.0032372474670410156,0.0005379804968833924,1.5587988,0.22007863,1.0822138,0.0,0.54320574,0.41808054,0.9999746,0.42192316,0.149974,0.07045102119445801,0.08215594291687012,0.0005379804968833924,-0.5379805,1.708777,0.14598109,0.0,0.07670092582702637,222,0.149974,0.0,0.24126819,0.15469278,0.0,0.02325
1.667294,0.004462242126464844,0.000558273434638977,1.5431237,0.18302189,1.1293764,0.0,0.5565734,0.43554628,0.9999996,0.4374916,0.124168746,0.07421302795410156,0.12953615188598633,0.000558273434638977,-0.55827343,1.667294,0.14294133,0.0,0.07415294647216797,223,0.124168746,0.0,0.2509274,0.12908249,0.0,0.02775
1.7387041,0.0043487548828125,0.0005531347393989563,1.6409763,0.1926822,1.0934832,0.0,0.5550385,0.4266556,0.99998134,0.43439382,0.09771063,0.07717394828796387,0.07627224922180176,0.0005531347393989563,-0.55313474,1.7387041,0.14357252,0.0,0.06452202796936035,224,0.09771063,0.0,0.24756338,0.102530316,0.0,0.0335
1.667418,0.004374027252197266,0.0005652841329574585,1.5533863,0.19570981,1.101685,0.0,0.5741166,0.4473237,1.0000123,0.45019776,0.11403219,0.0726161003112793,0.11472105979919434,0.0005652841329574585,-0.56528413,1.667418,0.1415643,0.0,0.07715582847595215,225,0.11403219,0.0,0.2581852,0.11907071,0.0,0.03025
1.90526,0.0063288211822509766,0.0005646647810935974,1.8436186,0.19716465,1.1208987,0.0,0.57114273,0.44698375,0.99999934,0.44798988,0.061648857,0.07136106491088867,0.11971092224121094,0.0005646647810935974,-0.5646648,1.90526,0.14169385,9.5367431640625e-07,0.09292078018188477,226,0.061648857,0.0,0.25844753,0.06668336,0.0,0.04225
1.5422232,0.003350973129272461,0.0006308208703994751,1.4647477,0.19451672,1.2658948,0.0,0.5224275,0.407919,1.0000057,0.40878254,0.07747242,0.0812978744506836,0.08551812171936035,0.0006308208703994751,-0.6308209,1.5422232,0.13349213,0.0,0.09276223182678223,227,0.07747242,0.0,0.23389931,0.08218243,0.0,0.0265
1.674689,0.0042078495025634766,0.0006216151714324951,1.5835916,0.20377102,1.2277312,0.0,0.536484,0.41375136,0.99999404,0.41540417,0.09109306,0.07015228271484375,0.08380389213562012,0.0006216151714324951,-0.6216152,1.674689,0.1343886,0.0,0.07049918174743652,228,0.09109306,0.0,0.24171676,0.095852196,0.0,0.03275
1.8430274,0.0033311843872070312,0.0005997608304023743,1.8167913,0.21995792,1.1803576,0.0,0.54423445,0.4130476,1.0000104,0.4212264,0.026238518,0.0739898681640625,0.07552218437194824,0.0005997608304023743,-0.59976083,1.8430274,0.13745205,0.0,0.07474899291992188,229,0.026238518,0.0,0.2424691,0.030968755,0.0,0.0365
1.8158938,0.0058939456939697266,0.0006244403123855591,1.6920711,0.22255944,1.2635483,0.0,0.51774555,0.39882818,1.0000026,0.39941794,0.12381621,0.06858086585998535,0.07108116149902344,0.0006244403123855591,-0.6244403,1.8158938,0.13410549,0.0,0.06870198249816895,230,0.12381621,0.0,0.2350577,0.12842894,0.0,0.02525
1.6238598,0.004519939422607422,0.0005906932950019837,1.4896648,0.20889506,1.1807102,0.0,0.52716106,0.40188542,1.0000066,0.40875828,0.13418926,0.07189726829528809,0.0729987621307373,0.0005906932950019837,-0.5906933,1.6238598,0.13864394,0.0,0.06462216377258301,231,0.13418926,0.0,0.2327296,0.13879882,0.0,0.02425
1.5780519,0.009497880935668945,0.0005981447696685791,1.5082136,0.21508402,1.1971794,0.0,0.5460119,0.42306727,0.99998957,0.42278638,0.069832146,0.07600617408752441,0.12188720703125,0.0005981447696685791,-0.59814477,1.5780519,0.1375027,0.0,0.07847905158996582,232,0.069832146,0.0,0.24962004,0.074660964,0.0,0.03
1.5569956,0.002980947494506836,0.0005934337973594665,1.4548616,0.20820944,1.1786997,0.0,0.52901036,0.41217554,0.9999913,0.4094314,0.10213234,0.06957817077636719,0.0981588363647461,0.0005934337973594665,-0.5934338,1.5569956,0.1386089,1.1920928955078125e-06,0.06529998779296875,233,0.10213234,0.0,0.23843396,0.10684753,0.0,0.02425
1.3755356,0.004959821701049805,0.0005906170606613159,1.2958163,0.20353806,1.1549172,0.0,0.5249114,0.40863952,0.99998194,0.4082156,0.07971655,0.07326102256774902,0.07365989685058594,0.0005906170606613159,-0.59061706,1.3755356,0.13862851,0.0,0.13033509254455566,234,0.07971655,0.0,0.23868798,0.08439356,0.0,0.024
1.6598972,0.003376007080078125,0.0005850548148155213,1.5983949,0.20467411,1.1546597,0.0,0.53821033,0.4139893,0.99998844,0.41845155,0.061491154,0.0840768814086914,0.07045292854309082,0.0005850548148155213,-0.5850548,1.6598972,0.13951851,9.5367431640625e-07,0.06909799575805664,235,0.061491154,0.0,0.24052335,0.0662161,0.0,0.0295
1.6950637,0.012170791625976562,0.0005893570184707642,1.572402,0.2135803,1.1978275,0.0,0.5308415,0.41481107,1.0000125,0.41104877,0.12265552,0.12553191184997559,0.0737619400024414,0.0005893570184707642,-0.589357,1.6950637,0.13868968,0.0,0.08272814750671387,236,0.12265552,0.0,0.24101464,0.12739298,0.0,0.0265
1.8006237,0.003564119338989258,0.0005834891796112061,1.6939526,0.21030934,1.1873006,0.0,0.5388933,0.42195377,0.99999416,0.4178442,0.10667294,0.07509708404541016,0.08496928215026855,0.0005834891796112061,-0.5834892,1.8006237,0.13955641,0.0,0.12401890754699707,237,0.10667294,0.0,0.2463436,0.111475974,0.0,0.03075
1.7086257,0.0071980953216552734,0.000584140419960022,1.6312422,0.20799755,1.1813029,0.0,0.5428453,0.41695887,0.99999833,0.42141056,0.0773784,0.10947394371032715,0.08780097961425781,0.000584140419960022,-0.5841404,1.7086257,0.13922624,0.0,0.07096123695373535,238,0.0773784,0.0,0.24396282,0.08213213,0.0,0.03275
1.6773771,0.004030942916870117,0.0005885601043701172,1.5672883,0.20443718,1.1817155,0.0,0.5376432,0.41802034,1.0,0.4184183,0.110092424,0.08991718292236328,0.1023550033569336,0.0005885601043701172,-0.5885601,1.6773771,0.13849361,0.0,0.10667610168457031,239,0.110092424,0.0,0.24396126,0.11486118,0.0,0.026
1.7913958,0.004680156707763672,0.0005957962870597839,1.6422623,0.21270254,1.1771119,0.0,0.5323463,0.40940863,1.000026,0.41159192,0.14914718,0.10271906852722168,0.06756401062011719,0.0005957962870597839,-0.5957963,1.7913958,0.13763626,0.0,0.06451988220214844,240,0.14914718,0.0,0.24054001,0.15383705,0.0,0.02275
1.963688,0.0033121109008789062,0.0005728473663330078,1.8084356,0.20630121,1.1482378,0.0,0.53077704,0.41538197,0.9999978,0.4128314,0.15524857,0.08679580688476562,0.06912064552307129,0.0005728473663330078,-0.57284737,1.963688,0.14093877,0.0,0.07329797744750977,241,0.15524857,0.0,0.238833,0.15997523,0.0,0.02825
1.6929007,0.005667924880981445,0.0005926337242126465,1.5979738,0.1888244,1.1820267,0.0,0.54496104,0.4222962,1.0000215,0.42415455,0.09493116,0.0798487663269043,0.07450389862060547,0.0005926337242126465,-0.5926337,1.6929007,0.13806687,0.0,0.06477999687194824,242,0.09493116,0.0,0.24701434,0.099746756,0.0,0.031
1.8390231,0.005805015563964844,0.000588422954082489,1.7335873,0.20813271,1.2037089,0.0,0.5272781,0.41382658,0.99998903,0.411982,0.10542382,0.0771172046661377,0.08582282066345215,0.000588422954082489,-0.58842295,1.8390231,0.13895316,9.5367431640625e-07,0.09834098815917969,243,0.10542382,0.0,0.23719592,0.110150516,0.0,0.0335
1.682972,0.0033020973205566406,0.0005816724300384522,1.59997,0.19520655,1.174175,0.0,0.52544475,0.4133571,0.9999915,0.41223398,0.08299921,0.08113694190979004,0.10554862022399902,0.0005816724300384522,-0.58167243,1.682972,0.13986182,9.5367431640625e-07,0.07990026473999023,244,0.08299921,0.0,0.239368,0.08771445,0.0,0.03225
1.7068716,0.0027179718017578125,0.0005877965688705444,1.5757517,0.2132153,1.161315,0.0,0.5278846,0.4122517,1.0000033,0.40985206,0.13111787,0.07852315902709961,0.0978548526763916,0.0005877965688705444,-0.58779657,1.7068716,0.13931881,0.0,0.14626598358154297,245,0.13111787,0.0,0.24059245,0.13582817,0.0,0.02575
1.6851017,0.0027971267700195312,0.0005706771612167358,1.5226067,0.2370528,1.1503257,0.0,0.54442054,0.42745814,0.99999905,0.42244914,0.16248387,0.09894418716430664,0.1151270866394043,0.0005706771612167358,-0.57067716,1.6851017,0.14131919,0.0,0.06855511665344238,246,0.16248387,0.0,0.24829902,0.16732912,0.0,0.019
1.5585412,0.002663850784301758,0.0005868290662765503,1.4025105,0.23235346,1.1961602,0.0,0.5413166,0.41972426,0.99999213,0.41780707,0.1560324,0.0857858657836914,0.11106729507446289,0.0005868290662765503,-0.58682907,1.5585412,0.13918766,0.0,0.07479190826416016,247,0.1560324,0.0,0.24448656,0.16081646,0.0,0.0195
1.6765698,0.00836801528930664,0.0005932252407073974,1.5422283,0.22317874,1.176414,0.0,0.53038454,0.41175,0.9999885,0.41010416,0.1343431,0.07569098472595215,0.07330107688903809,0.0005932252407073974,-0.59322524,1.6765698,0.13882674,0.0,0.06663298606872559,248,0.1343431,0.0,0.24082237,0.13905384,0.0,0.02425
1.4647837,0.004817962646484375,0.0006345105171203613,1.3642194,0.19783102,1.2907029,0.0,0.517911,0.40092573,1.0000081,0.40077463,0.10056965,0.07197427749633789,0.12198400497436523,0.0006345105171203613,-0.6345105,1.4647837,0.13238317,9.5367431640625e-07,0.08296608924865723,249,0.10056965,0.0,0.23736294,0.10521342,0.0,0.0205
