Distill/Loss_Train,Time/Q_Update,Distill/Loss_Val,Distill/Label_Accuracy_Train,Distill/Std_Val,Time/Q_Preprocess,Distill/Accuracy_Val,Distill/Entropy_Val,Distill/Entropy_Train,Distill/TotalLoss_Train,Distill/TotalLoss_Val,Time/Q_Log,Train/Value,Time/Buffer,Distill/Label_Accuracy_Val,Distill/Accuracy_Train,Time/Q_Act,Distill/Std_Train,Distill/Mean_Dist_Train,Distill/Mean_Dist_Val,Itr
-1.5490680932998657,0.0,1.5793877840042114,0.0,0.3070676326751709,3.0994415283203125e-05,0.0,0.23818540573120117,-1.1694995164871216,-1.5490680932998657,1.5793877840042114,0.0003809928894042969,2.470481,0.010478019714355469,0.0,0.0,0.010785102844238281,0.0851595550775528,0.04618585854768753,0.5236606597900391,
1.1114559173583984,7.152557373046875e-07,6.945405006408691,0.0,0.3623018264770508,2.7894973754882812e-05,0.0,0.17503586411476135,1.3202890157699585,1.1114559173583984,6.945405006408691,0.0004930496215820312,2.4682236,0.005009174346923828,0.0,0.0,0.012804031372070312,0.926785945892334,0.722517728805542,0.7648727297782898,0
-0.03866308927536011,9.5367431640625e-07,1.1472454071044922,0.0,0.910381555557251,3.5762786865234375e-05,0.0,0.9142196178436279,0.4449969530105591,-0.03866308927536011,1.1472454071044922,0.0006630420684814453,1.9978524,0.004052877426147461,0.0,0.0,0.015802860260009766,0.6149902939796448,0.06911283731460571,0.5922986268997192,1
-0.09598708152770996,0.0,5.007308006286621,0.0,0.8265314698219299,4.410743713378906e-05,0.0,0.41621720790863037,0.2014312744140625,-0.09598708152770996,5.007308006286621,0.00041484832763671875,1.907837,0.004266977310180664,0.0,0.0,0.011502265930175781,0.6953208446502686,0.46367907524108887,1.3194242715835571,2
0.47221991419792175,0.0,0.7073826789855957,0.0,0.5328143835067749,3.695487976074219e-05,0.0,0.6674548387527466,0.7905750274658203,0.47221991419792175,0.7073826789855957,0.0004971027374267578,2.3605163,0.005769014358520508,0.0,0.0,0.012929916381835938,0.5518097281455994,0.3229270875453949,0.2346586287021637,3
-1.2617965936660767,0.0,22.407733917236328,0.0,0.18456053733825684,4.601478576660156e-05,0.0,-0.45610126852989197,-0.7622424960136414,-1.2617965936660767,22.407733917236328,0.0004849433898925781,2.59786,0.004530906677246094,0.0,0.0,0.013036012649536133,0.20226407051086426,0.007848620414733887,0.9185147285461426,4
0.060211777687072754,0.0,18.98331642150879,0.0,0.33505240082740784,4.00543212890625e-05,0.0,0.09536708891391754,0.5432642102241516,0.060211777687072754,18.98331642150879,0.0005888938903808594,2.2389257,0.00587010383605957,0.0,0.0,0.013458251953125,0.788097620010376,0.16689179837703705,1.129345417022705,5
-1.0178171396255493,0.0,-0.9655134677886963,0.0,0.2964596450328827,7.009506225585938e-05,0.0,-0.5564768314361572,-0.5496038198471069,-1.0178171396255493,-0.9655134677886963,0.00044417381286621094,2.8443766,0.004439115524291992,0.0,0.0,0.021698951721191406,0.4097648859024048,0.1414167881011963,0.16401031613349915,6
0.7777554988861084,9.5367431640625e-07,4.3621745109558105,0.0,0.6560723781585693,7.581710815429688e-05,0.0,0.724441647529602,0.7208223342895508,0.7777554988861084,4.3621745109558105,0.00043964385986328125,2.119166,0.006095170974731445,0.0,0.0,0.012736082077026367,0.716890811920166,0.6708356142044067,1.7118782997131348,7
-0.6931359767913818,0.0,23.791887283325195,0.0,0.3534218668937683,3.218650817871094e-05,0.0,-0.13054537773132324,-0.19322790205478668,-0.6931359767913818,23.791887283325195,0.0004260540008544922,1.7158157,0.005600929260253906,0.0,0.0,0.011348962783813477,0.2796391248703003,0.00463307648897171,0.49393317103385925,8
-0.9303717613220215,9.5367431640625e-07,0.718327522277832,0.0,0.15658706426620483,7.200241088867188e-05,0.0,-0.47425055503845215,-0.503432035446167,-0.9303717613220215,0.718327522277832,0.0009431838989257812,2.0431514,0.00615382194519043,0.0,0.0,0.032965898513793945,0.16258075833320618,0.06762431561946869,0.29657644033432007,9
-0.2360587865114212,7.152557373046875e-07,12.469278335571289,0.0,0.3143310546875,0.00016307830810546875,0.0,0.21537184715270996,0.2634850740432739,-0.2360587865114212,12.469278335571289,0.0007491111755371094,2.076748,0.007776021957397461,0.0,0.0,0.019490957260131836,0.3364298939704895,0.010624602437019348,1.1342519521713257,10
-0.5434250831604004,9.5367431640625e-07,4.490227222442627,0.0,0.2844763398170471,7.891654968261719e-05,0.0,0.061495840549468994,-0.0440649688243866,-0.5434250831604004,4.490227222442627,0.0005447864532470703,2.24741,0.006163120269775391,0.0,0.0,0.019309043884277344,0.2570350170135498,0.008006058633327484,0.5871551036834717,11
-1.959299921989441,0.0,16.2945613861084,0.0,0.07343319058418274,4.291534423828125e-05,0.0,-1.4430596828460693,-1.4594413042068481,-1.959299921989441,16.2945613861084,0.0004830360412597656,2.1401887,0.012318849563598633,0.0,0.0,0.016100168228149414,0.06864774227142334,0.001293540233746171,0.5068249106407166,12
-0.7367603182792664,9.5367431640625e-07,12.671975135803223,0.0,0.32750463485717773,4.00543212890625e-05,0.0,-0.5062001943588257,-0.2882302403450012,-0.7367603182792664,12.671975135803223,0.00043702125549316406,2.0659094,0.005232810974121094,0.0,0.0,0.014039993286132812,0.35064953565597534,0.1480085700750351,0.19286972284317017,13
0.4036322236061096,9.5367431640625e-07,4.752375602722168,0.0,0.7203493118286133,0.00010323524475097656,0.0,0.8048805594444275,0.8961665630340576,0.4036322236061096,4.752375602722168,0.0005261898040771484,2.449198,0.008240938186645508,0.0,0.0,0.018229961395263672,0.8955373167991638,0.13415151834487915,0.9166865348815918,14
-1.0164580345153809,0.0,260.24761962890625,0.0,0.277778297662735,5.0067901611328125e-05,0.0,-0.5584912896156311,-0.5288166999816895,-1.0164580345153809,260.24761962890625,0.0004119873046875,2.0710425,0.00751185417175293,0.0,0.0,0.01219320297241211,0.2997657358646393,0.06267215311527252,0.8287864923477173,15
-1.0073609352111816,9.5367431640625e-07,0.05181977152824402,0.0,0.14634904265403748,3.719329833984375e-05,0.0,-0.521432638168335,-0.5076345205307007,-1.0073609352111816,0.05181977152824402,0.00046706199645996094,2.4445498,0.004430294036865234,0.0,0.0,0.013879060745239258,0.14813315868377686,0.003187507390975952,0.21826529502868652,16
-2.191866636276245,0.0,864.8624267578125,0.0,0.050850242376327515,4.410743713378906e-05,0.0,-1.692844271659851,-1.6919498443603516,-2.191866636276245,864.8624267578125,0.00046515464782714844,2.473422,0.014887809753417969,0.0,0.0,0.01568007469177246,0.05163952335715294,0.0002592506352812052,1.4753650426864624,17
0.2628001570701599,0.0,0.35837551951408386,0.0,2.0358059406280518,4.7206878662109375e-05,0.0,0.6801136136054993,0.6973310708999634,0.2628001570701599,0.35837551951408386,0.0004658699035644531,2.6381183,0.0056760311126708984,0.0,0.0,0.014935731887817383,2.0739564895629883,1.0460189580917358,1.3438894748687744,18
0.0847545862197876,0.0,23.13492202758789,0.0,1.224001407623291,4.506111145019531e-05,0.0,0.43234723806381226,0.387769877910614,0.0847545862197876,23.13492202758789,0.00045609474182128906,2.5071568,0.004950046539306641,0.0,0.0,0.011853933334350586,1.277141809463501,1.1113091707229614,1.0444260835647583,19
1.202573537826538,0.0,1.4699081182479858,0.0,1.1670174598693848,3.5762786865234375e-05,0.0,1.432476282119751,1.4645895957946777,1.202573537826538,1.4699081182479858,0.00043702125549316406,2.3676841,0.0061528682708740234,0.0,0.0,0.017120838165283203,1.1855382919311523,0.8884042501449585,0.9967160224914551,20
1.3899208307266235,9.5367431640625e-07,1.5390708446502686,0.0,1.4352385997772217,3.62396240234375e-05,0.0,1.6162209510803223,1.606698989868164,1.3899208307266235,1.5390708446502686,0.0004150867462158203,2.1914554,0.006056308746337891,0.0,0.0,0.012063026428222656,1.4137251377105713,1.1574170589447021,0.7091229557991028,21
0.32230144739151,9.5367431640625e-07,0.8199852705001831,0.0,0.6431951522827148,9.679794311523438e-05,0.0,0.7869251370429993,0.7070033550262451,0.32230144739151,0.8199852705001831,0.0004949569702148438,2.334734,0.00473475456237793,0.0,0.0,0.018033981323242188,0.6085126399993896,0.33208605647087097,0.7621262073516846,22
-0.3098185062408447,1.1920928955078125e-06,3.739720582962036,0.0,0.4394742548465729,6.67572021484375e-05,0.0,0.08440816402435303,0.09871283173561096,-0.3098185062408447,3.739720582962036,0.0004432201385498047,2.4739487,0.005305051803588867,0.0,0.0,0.019041061401367188,0.4407484531402588,0.23979687690734863,0.5769196152687073,23
-1.842835545539856,9.5367431640625e-07,-1.3174431324005127,0.0,0.11438637971878052,3.409385681152344e-05,0.0,-1.2493324279785156,-1.348557710647583,-1.842835545539856,-1.3174431324005127,0.0004699230194091797,2.2097306,0.010641813278198242,0.0,0.0,0.013788938522338867,0.10291900485754013,0.014027322642505169,0.12805064022541046,24
-1.928513526916504,0.0,69.53002166748047,0.0,0.058161333203315735,3.0994415283203125e-05,0.0,-1.437769889831543,-1.4285486936569214,-1.928513526916504,69.53002166748047,0.00045013427734375,2.2191503,0.006346940994262695,0.0,0.0,0.011689901351928711,0.05870040878653526,0.00043014436960220337,0.6974372863769531,25
0.4049767851829529,0.0,12.799935340881348,0.0,1.7948988676071167,4.458427429199219e-05,0.0,0.8244245052337646,0.8235350847244263,0.4049767851829529,12.799935340881348,0.0004150867462158203,2.1809878,0.008032083511352539,0.0,0.0,0.019667863845825195,1.7772934436798096,0.989700973033905,1.5719249248504639,26
-0.33746951818466187,9.5367431640625e-07,23.180147171020508,0.0,1.1689260005950928,4.291534423828125e-05,0.0,-0.2336622178554535,-0.04637002944946289,-0.33746951818466187,23.180147171020508,0.0005958080291748047,2.1863291,0.005143165588378906,0.0,0.0,0.015949726104736328,1.4421170949935913,1.309757113456726,1.4512169361114502,27
1.4855700731277466,9.5367431640625e-07,1.5267688035964966,0.0,1.5122816562652588,7.700920104980469e-05,0.0,1.7247902154922485,1.7236913442611694,1.4855700731277466,1.5267688035964966,0.00040411949157714844,2.262618,0.005179882049560547,0.0,0.0,0.012429952621459961,1.5072338581085205,1.157234787940979,1.25383722782135,28
1.1880426406860352,0.0,1.172782301902771,0.0,1.8288623094558716,9.012222290039062e-05,0.0,1.460727572441101,1.4676915407180786,1.1880426406860352,1.172782301902771,0.0007121562957763672,2.0639555,0.005614042282104492,0.0,0.0,0.037106990814208984,1.962511420249939,1.6893901824951172,0.9922548532485962,29
0.16113346815109253,1.1920928955078125e-06,1.6248586177825928,0.0,0.9258522987365723,4.887580871582031e-05,0.0,0.5440660715103149,0.5547131299972534,0.16113346815109253,1.6248586177825928,0.0006642341613769531,2.0564892,0.0051441192626953125,0.0,0.0,0.022990942001342773,0.9093615412712097,0.5599871873855591,1.1375820636749268,30
-0.07523918151855469,1.1920928955078125e-06,12.917123794555664,0.0,1.1688289642333984,3.600120544433594e-05,0.0,0.21259576082229614,0.2356439232826233,-0.07523918151855469,12.917123794555664,0.0006847381591796875,2.7804232,0.005557060241699219,0.0,0.0,0.01331782341003418,1.1798062324523926,1.0086116790771484,0.9662044048309326,31
0.46989595890045166,0.0,1.7632980346679688,0.0,0.8004950284957886,4.601478576660156e-05,0.0,0.8204528093338013,0.8420716524124146,0.46989595890045166,1.7632980346679688,0.00045013427734375,2.365806,0.005467891693115234,0.0,0.0,0.014614105224609375,0.8159600496292114,0.5038284063339233,0.9027919769287109,32
0.7317547798156738,9.5367431640625e-07,9.24194049835205,0.0,0.9809748530387878,5.91278076171875e-05,0.0,1.0706562995910645,1.0641196966171265,0.7317547798156738,9.24194049835205,0.001483917236328125,2.2291918,0.005154848098754883,0.0,0.0,0.024525165557861328,0.9732027053833008,0.6850950717926025,1.1590672731399536,33
-0.5443110466003418,0.0,11.945535659790039,0.0,0.3698069453239441,6.580352783203125e-05,0.0,-0.07060122489929199,-0.05852222442626953,-0.5443110466003418,11.945535659790039,0.0007932186126708984,2.6578257,0.009568214416503906,0.0,0.0,0.02042388916015625,0.37366920709609985,0.08011139929294586,0.3160107433795929,34
-1.5859240293502808,0.0,411.6694030761719,0.0,0.15125663578510284,4.00543212890625e-05,0.0,-1.1038906574249268,-1.0862452983856201,-1.5859240293502808,411.6694030761719,0.000415802001953125,2.1709673,0.006540060043334961,0.0,0.0,0.014673233032226562,0.15395180881023407,0.004605725407600403,0.7880194187164307,35
0.2677451968193054,1.1920928955078125e-06,20.65586280822754,0.0,0.791533887386322,3.886222839355469e-05,0.0,0.7467135787010193,0.7589274048805237,0.2677451968193054,20.65586280822754,0.0004317760467529297,2.1167076,0.009176015853881836,0.0,0.0,0.01323390007019043,0.812827467918396,0.13631534576416016,1.7880859375,36
1.5342158079147339,0.0,1.4853001832962036,0.0,1.5323562622070312,4.410743713378906e-05,0.0,1.7857390642166138,1.8126332759857178,1.5342158079147339,1.4853001832962036,0.00043010711669921875,2.4342918,0.006356954574584961,0.0,0.0,0.013194084167480469,1.6109284162521362,1.095578670501709,0.9628435373306274,37
0.5029289722442627,9.5367431640625e-07,1.3747564554214478,0.0,0.7567821145057678,3.814697265625e-05,0.0,0.8691574931144714,0.8346099853515625,0.5029289722442627,1.3747564554214478,0.0006849765777587891,2.134205,0.005625247955322266,0.0,0.0,0.01342010498046875,0.7313907742500305,0.49798470735549927,0.9851518273353577,38
-0.3605819344520569,7.152557373046875e-07,47.62150192260742,0.0,0.4943387806415558,4.363059997558594e-05,0.0,0.09181761741638184,0.015412092208862305,-0.3605819344520569,47.62150192260742,0.0014829635620117188,2.1694834,0.00616908073425293,0.0,0.0,0.013042926788330078,0.46471065282821655,0.3030707538127899,0.9311566352844238,39
-0.5296155214309692,0.0,0.06874820590019226,0.0,0.2338402271270752,3.981590270996094e-05,0.0,-0.04459895193576813,-0.030018925666809082,-0.5296155214309692,0.06874820590019226,0.0004401206970214844,2.2691028,0.006269931793212891,0.0,0.0,0.01245880126953125,0.23728132247924805,0.006467960774898529,0.2616409957408905,40
-1.761437177658081,1.1920928955078125e-06,42.31815719604492,0.0,0.06887537240982056,4.00543212890625e-05,0.0,-1.2599425315856934,-1.2615082263946533,-1.761437177658081,42.31815719604492,0.00043702125549316406,2.4776266,0.00842905044555664,0.0,0.0,0.012641191482543945,0.0687330961227417,0.0007961171213537455,0.6043302416801453,41
-0.13489943742752075,9.5367431640625e-07,1.1192940473556519,0.0,0.914360761642456,5.698204040527344e-05,0.0,0.45680055022239685,0.2619457244873047,-0.13489943742752075,1.1192940473556519,0.0012578964233398438,2.1624682,0.007235050201416016,0.0,0.0,0.022313833236694336,0.9196694493293762,0.54901123046875,1.0474598407745361,42
1.903863787651062,0.0,1.8339345455169678,0.0,2.21775221824646,5.7697296142578125e-05,0.0,2.2106151580810547,2.1926841735839844,1.903863787651062,1.8339345455169678,0.00043511390686035156,2.1341684,0.0047149658203125,0.0,0.0,0.022974014282226562,2.1806657314300537,1.1074413061141968,0.8657485842704773,43
1.4119924306869507,1.1920928955078125e-06,1.4449005126953125,0.0,1.4323068857192993,3.0994415283203125e-05,0.0,1.644461989402771,1.6514301300048828,1.4119924306869507,1.4449005126953125,0.00043702125549316406,1.9265457,0.005110979080200195,0.0,0.0,0.012869834899902344,1.4387149810791016,1.121165156364441,0.7904804348945618,44
0.6491179466247559,9.5367431640625e-07,0.9359058737754822,0.0,0.9030733704566956,5.626678466796875e-05,0.0,0.9494552612304688,0.9547867774963379,0.6491179466247559,0.9359058737754822,0.0007069110870361328,1.8455867,0.006020069122314453,0.0,0.0,0.02691793441772461,0.9058594703674316,0.6880940794944763,0.9085851907730103,45
-0.15224677324295044,9.5367431640625e-07,-0.2803299129009247,0.0,0.5129294395446777,5.221366882324219e-05,0.0,0.20710492134094238,0.21149468421936035,-0.15224677324295044,-0.2803299129009247,0.00044083595275878906,2.1540368,0.007181882858276367,0.0,0.0,0.013077974319458008,0.5154424905776978,0.345273494720459,0.07773974537849426,46
-1.343989610671997,0.0,29.807870864868164,0.0,0.20791378617286682,3.695487976074219e-05,0.0,-0.8689395189285278,-0.8530129194259644,-1.343989610671997,29.807870864868164,0.0006051063537597656,2.418669,0.007827043533325195,0.0,0.0,0.012902259826660156,0.21069490909576416,0.03755367547273636,0.6290141344070435,47
-0.7591219544410706,0.0,20.196762084960938,0.0,0.2209663689136505,4.1961669921875e-05,0.0,-0.28637731075286865,-0.27259019017219543,-0.7591219544410706,20.196762084960938,0.00048470497131347656,2.4288976,0.005172014236450195,0.0,0.0,0.013782978057861328,0.22398699820041656,0.04088859260082245,1.0995663404464722,48
1.0336288213729858,9.5367431640625e-07,1.1809903383255005,0.0,0.9326579570770264,3.910064697265625e-05,0.0,1.3342257738113403,1.3434531688690186,1.0336288213729858,1.1809903383255005,0.0004191398620605469,2.2419362,0.004943132400512695,0.0,0.0,0.014467954635620117,0.9413684606552124,0.581413209438324,0.7880866527557373,49
1.2384296655654907,9.5367431640625e-07,1.3459316492080688,0.0,1.2588857412338257,4.00543212890625e-05,0.0,1.4331817626953125,1.4375466108322144,1.2384296655654907,1.3459316492080688,0.00041031837463378906,2.1537824,0.005766868591308594,0.0,0.0,0.012583255767822266,1.2636185884475708,1.0858174562454224,1.1386089324951172,50
0.20646178722381592,0.0,11.881868362426758,0.0,0.8218263983726501,4.100799560546875e-05,0.0,0.5194886922836304,0.5298194289207458,0.20646178722381592,11.881868362426758,0.0005481243133544922,2.268442,0.006078004837036133,0.0,0.0,0.018182992935180664,0.8244483470916748,0.6473713517189026,0.6801149249076843,51
1.090294361114502,0.0,1.8129245042800903,0.0,1.677045226097107,3.910064697265625e-05,0.0,1.5645235776901245,1.574190378189087,1.090294361114502,1.8129245042800903,0.0004649162292480469,2.167118,0.006761074066162109,0.0,0.0,0.015819072723388672,1.6973587274551392,0.09626895189285278,1.0344338417053223,52
0.05011516809463501,0.0,34.61222457885742,0.0,0.6624017953872681,5.4836273193359375e-05,0.0,0.3931787312030792,0.40189817547798157,0.05011516809463501,34.61222457885742,0.000823974609375,2.276765,0.005299806594848633,0.0,0.0,0.027660846710205078,0.6639633178710938,0.47008824348449707,1.069847583770752,53
0.1354910135269165,0.0,1.8790005445480347,0.0,0.4519866406917572,5.602836608886719e-05,0.0,0.5238326191902161,0.5433211326599121,0.1354910135269165,1.8790005445480347,0.0007071495056152344,2.2515054,0.007014036178588867,0.0,0.0,0.018329858779907227,0.45792776346206665,0.20038044452667236,0.5669000744819641,54
-1.0877569913864136,9.5367431640625e-07,0.346213161945343,0.0,0.17780548334121704,3.981590270996094e-05,0.0,-0.6045706272125244,-0.5887909531593323,-1.0877569913864136,0.346213161945343,0.0005366802215576172,2.3386207,0.00661778450012207,0.0,0.0,0.013133764266967773,0.1805930882692337,0.009867571294307709,0.19273245334625244,55
-1.7714526653289795,9.5367431640625e-07,80.55191802978516,0.0,0.07497070729732513,4.7206878662109375e-05,0.0,-1.2807903289794922,-1.2716692686080933,-1.7714526653289795,80.55191802978516,0.00043082237243652344,2.4616823,0.010775089263916016,0.0,0.0,0.01260995864868164,0.07592189311981201,0.001132071134634316,0.5133943557739258,56
-2.0881145000457764,9.5367431640625e-07,56.360557556152344,0.0,0.06429853290319443,4.482269287109375e-05,0.0,-1.5847671031951904,-1.5911093950271606,-2.0881145000457764,56.360557556152344,0.0004286766052246094,2.3565254,0.0046231746673583984,0.0,0.0,0.012559175491333008,0.06308363378047943,0.005556195974349976,0.4541507065296173,57
0.8056086301803589,0.0,6.435291767120361,0.0,3.7446181774139404,4.887580871582031e-05,0.0,1.2685481309890747,1.275473713874817,0.8056086301803589,6.435291767120361,0.0004248619079589844,2.2615986,0.005164146423339844,0.0,0.0,0.011558771133422852,3.745316505432129,1.282395362854004,2.475341558456421,58
1.9872794151306152,9.5367431640625e-07,2.5577685832977295,0.0,4.107224464416504,3.1948089599609375e-05,0.0,2.322990655899048,2.3223812580108643,1.9872794151306152,2.5577685832977295,0.0004210472106933594,2.344131,0.004449129104614258,0.0,0.0,0.011475324630737305,4.106721878051758,2.145493507385254,2.141402244567871,59
1.3341574668884277,9.5367431640625e-07,2.90812349319458,0.0,3.8340389728546143,6.222724914550781e-05,0.0,1.7807079553604126,1.7923260927200317,1.3341574668884277,2.90812349319458,0.001262664794921875,2.2806978,0.00578618049621582,0.0,0.0,0.047377824783325195,3.8373188972473145,1.4596185684204102,2.1840641498565674,60
0.8256656527519226,9.5367431640625e-07,1.5045905113220215,0.0,3.74341082572937,4.1961669921875e-05,0.0,1.2563496828079224,1.2651153802871704,0.8256656527519226,1.5045905113220215,0.0005660057067871094,2.1835995,0.0049610137939453125,0.0,0.0,0.028023958206176758,3.7442753314971924,1.818312406539917,1.7722828388214111,61
0.1371079683303833,9.5367431640625e-07,65.92945098876953,0.0,3.7078182697296143,7.605552673339844e-05,0.0,0.6051713228225708,0.6030542850494385,0.1371079683303833,65.92945098876953,0.0008730888366699219,2.031423,0.00775909423828125,0.0,0.0,0.016932249069213867,3.7077624797821045,1.362764596939087,1.1069236993789673,62
2.647819995880127,0.0,2.6880996227264404,0.0,5.436527252197266,0.00014328956604003906,0.0,3.0430281162261963,3.0466291904449463,2.647819995880127,2.6880996227264404,0.0004589557647705078,2.033063,0.00661015510559082,0.0,0.0,0.013095855712890625,5.449118614196777,2.3880934715270996,2.256175994873047,63
2.5938634872436523,9.5367431640625e-07,2.7187957763671875,0.0,4.98089599609375,3.0994415283203125e-05,0.0,2.891423225402832,2.83596134185791,2.5938634872436523,2.7187957763671875,0.000408172607421875,2.0464795,0.012583017349243164,0.0,0.0,0.013012170791625977,4.8458356857299805,2.461412191390991,2.3776931762695312,64
2.7148218154907227,0.0,2.6334424018859863,0.0,5.2095441818237305,6.079673767089844e-05,0.0,2.9732248783111572,2.956125497817993,2.7148218154907227,2.6334424018859863,0.0004291534423828125,2.2731757,0.007750034332275391,0.0,0.0,0.013776779174804688,5.158609390258789,2.396082639694214,2.8057005405426025,65
2.4666402339935303,0.0,2.612311840057373,0.0,4.609353065490723,3.910064697265625e-05,0.0,2.721000909805298,2.721191644668579,2.4666402339935303,2.612311840057373,0.0004391670227050781,2.369997,0.005090951919555664,0.0,0.0,0.013528823852539062,4.609702110290527,2.520083427429199,2.2854719161987305,66
2.316486120223999,0.0,2.251310348510742,0.0,4.474257469177246,5.1021575927734375e-05,0.0,2.6411077976226807,2.648959159851074,2.316486120223999,2.251310348510742,0.0007402896881103516,2.3267853,0.006114006042480469,0.0,0.0,0.0294039249420166,4.486598014831543,1.467388391494751,1.9041213989257812,67
1.7822132110595703,0.0,2.1196653842926025,0.0,4.014229774475098,4.076957702636719e-05,0.0,2.195328712463379,2.1991913318634033,1.7822132110595703,2.1196653842926025,0.00042128562927246094,2.067294,0.006685972213745117,0.0,0.0,0.01352071762084961,4.016709327697754,1.3952372074127197,1.8010344505310059,68
1.6322662830352783,0.0,1.7355999946594238,0.0,4.002796173095703,6.031990051269531e-05,0.0,2.1771199703216553,2.089704990386963,1.6322662830352783,1.7355999946594238,0.00046896934509277344,2.0056403,0.007039070129394531,0.0,0.0,0.019623994827270508,3.953350067138672,1.4849692583084106,1.4192025661468506,69
1.139532446861267,0.0,1.175481915473938,0.0,3.7909679412841797,3.409385681152344e-05,0.0,1.5960965156555176,1.6107449531555176,1.139532446861267,1.175481915473938,0.00043892860412597656,1.9833007,0.010226011276245117,0.0,0.0,0.012852907180786133,3.793835401535034,1.2508563995361328,1.6848127841949463,70
1.031938910484314,9.5367431640625e-07,1.0369188785552979,0.0,3.7729527950286865,3.2901763916015625e-05,0.0,1.492706060409546,1.4999195337295532,1.031938910484314,1.0369188785552979,0.0004239082336425781,2.0973678,0.009618759155273438,0.0,0.0,0.01212620735168457,3.774092435836792,1.3091659545898438,1.5038273334503174,71
2.290339231491089,0.0,2.291386127471924,0.0,4.6048173904418945,4.6253204345703125e-05,0.0,2.718515634536743,2.7333459854125977,2.290339231491089,2.291386127471924,0.0004210472106933594,2.2571828,0.005726337432861328,0.0,0.0,0.01167607307434082,4.632221221923828,1.8194624185562134,1.9890333414077759,72
1.738368034362793,0.0,1.7214641571044922,0.0,3.991217851638794,5.1975250244140625e-05,0.0,2.1579787731170654,2.1645522117614746,1.738368034362793,1.7214641571044922,0.00045108795166015625,2.2205691,0.006336212158203125,0.0,0.0,0.012744903564453125,3.9951441287994385,1.6820545196533203,1.6983541250228882,73
1.0898686647415161,0.0,4.000359058380127,0.0,3.7804641723632812,3.504753112792969e-05,0.0,1.5384392738342285,1.5424801111221313,1.0898686647415161,4.000359058380127,0.0003871917724609375,2.3443935,0.006684064865112305,0.0,0.0,0.011797904968261719,3.7811615467071533,1.6059857606887817,1.6505721807479858,74
0.6123154163360596,0.0,44.259334564208984,0.0,3.7290289402008057,6.914138793945312e-05,0.0,1.0821332931518555,1.053149700164795,0.6123154163360596,44.259334564208984,0.0004811286926269531,2.2285774,0.006830930709838867,0.0,0.0,0.019566059112548828,3.727085828781128,1.79733407497406,1.3425543308258057,75
0.017177820205688477,0.0,49.14218521118164,0.0,3.7075612545013428,3.886222839355469e-05,0.0,0.5953972339630127,0.4962531328201294,0.017177820205688477,49.14218521118164,0.0007350444793701172,2.2756934,0.007038116455078125,0.0,0.0,0.01281285285949707,3.705216646194458,1.067710280418396,1.487001895904541,76
2.731060028076172,0.0,2.707646369934082,0.0,5.640000343322754,4.1961669921875e-05,0.0,3.098264694213867,3.108534574508667,2.731060028076172,2.707646369934082,0.0003790855407714844,2.202457,0.0059719085693359375,0.0,0.0,0.011703014373779297,5.680375099182129,2.596064805984497,2.2600133419036865,77
2.4584977626800537,0.0,2.592550277709961,0.0,4.8407087326049805,4.291534423828125e-05,0.0,2.8337297439575195,2.8370933532714844,2.4584977626800537,2.592550277709961,0.000476837158203125,2.4225004,0.004845857620239258,0.0,0.0,0.0640568733215332,4.848445892333984,1.5433721542358398,1.9142377376556396,78
2.809295654296875,9.5367431640625e-07,2.7922544479370117,0.0,5.075174331665039,5.1975250244140625e-05,0.0,2.9267876148223877,3.003058671951294,2.809295654296875,2.7922544479370117,0.0007739067077636719,2.3612664,0.0059201717376708984,0.0,0.0,0.020908832550048828,5.302692413330078,3.3463611602783203,2.671727180480957,79
2.4793107509613037,0.0,2.6515438556671143,0.0,5.612397193908691,3.314018249511719e-05,0.0,3.0911197662353516,2.7928097248077393,2.4793107509613037,2.6515438556671143,0.0006151199340820312,2.4397843,0.011758089065551758,0.0,0.0,0.012629985809326172,4.750641822814941,2.211459159851074,1.8530914783477783,80
2.0992870330810547,0.0,2.191734790802002,0.0,4.31800651550293,3.3855438232421875e-05,0.0,2.5292913913726807,2.5463294982910156,2.0992870330810547,2.191734790802002,0.00039005279541015625,2.4307754,0.004570960998535156,0.0,0.0,0.012048959732055664,4.339617729187012,1.245307207107544,1.5609115362167358,81
1.3239881992340088,1.1920928955078125e-06,3.8427891731262207,0.0,3.852972984313965,3.719329833984375e-05,0.0,1.8443390130996704,1.8193376064300537,1.3239881992340088,3.8427891731262207,0.0004730224609375,2.3293743,0.00477910041809082,0.0,0.0,0.014460086822509766,3.845245122909546,0.14896540343761444,1.1514720916748047,82
1.6637921333312988,9.5367431640625e-07,1.5523185729980469,0.0,3.9209766387939453,4.291534423828125e-05,0.0,2.0228941440582275,2.0968689918518066,1.6637921333312988,1.5523185729980469,0.0005488395690917969,2.351034,0.006119966506958008,0.0,0.0,0.013375043869018555,3.4214184284210205,0.7206012010574341,0.5127643346786499,83
0.2724078297615051,9.5367431640625e-07,2.266611099243164,0.0,1.9468201398849487,5.507469177246094e-05,0.0,1.6294348239898682,0.70806884765625,0.2724078297615051,2.266611099243164,0.0004076957702636719,2.2208095,0.01683521270751953,0.0,0.0,0.013308048248291016,0.7338369488716125,0.32696688175201416,1.2355207204818726,84
-1.3088809251785278,9.5367431640625e-07,2.329545259475708,0.0,0.4750519096851349,3.1948089599609375e-05,0.0,0.44768384099006653,-0.8306110501289368,-1.3088809251785278,2.329545259475708,0.00043892860412597656,2.214554,0.0052642822265625,0.0,0.0,0.011951208114624023,0.13478592038154602,0.010082587599754333,0.7378411889076233,85
0.021377019584178925,9.5367431640625e-07,7.6681318283081055,0.0,0.3974514305591583,3.981590270996094e-05,0.0,0.4667317867279053,0.5085722804069519,0.021377019584178925,7.6681318283081055,0.0007688999176025391,2.2719069,0.010027170181274414,0.0,0.0,0.026157140731811523,0.41168880462646484,0.0537203848361969,0.9624159336090088,86
0.12684845924377441,0.0,2.810537815093994,0.0,0.5060966610908508,6.079673767089844e-05,0.0,0.6578003168106079,0.6250959634780884,0.12684845924377441,2.810537815093994,0.0008168220520019531,2.5691218,0.004623889923095703,0.0,0.0,0.020327091217041016,0.48900267481803894,0.030970245599746704,0.9091383218765259,87
-0.06631015241146088,9.5367431640625e-07,0.5274619460105896,0.0,0.3955046832561493,6.580352783203125e-05,0.0,0.410207062959671,0.41085493564605713,-0.06631015241146088,0.5274619460105896,0.0007278919219970703,2.3491626,0.0065097808837890625,0.0,0.0,0.059285879135131836,0.3972633183002472,0.09052376449108124,0.4663125276565552,88
-0.7200465798377991,0.0,1.0536830425262451,0.0,0.23153312504291534,6.818771362304688e-05,0.0,-0.18815594911575317,-0.22674226760864258,-0.7200465798377991,1.0536830425262451,0.0005428791046142578,2.4122868,0.0049588680267333984,0.0,0.0,0.03188490867614746,0.22279325127601624,0.027653202414512634,0.3380531370639801,89
-0.9028693437576294,0.0,7.947639465332031,0.0,0.1650557518005371,4.1961669921875e-05,0.0,-0.40658867359161377,-0.4028916358947754,-0.9028693437576294,7.947639465332031,0.0004661083221435547,2.2850099,0.011336803436279297,0.0,0.0,0.014886856079101562,0.1657620519399643,0.0008145942119881511,0.3995721936225891,90
-1.288175344467163,0.0,1.9327341318130493,0.0,0.1223609447479248,3.504753112792969e-05,0.0,-0.765752911567688,-0.7902629375457764,-1.288175344467163,1.9327341318130493,0.0004901885986328125,2.1634173,0.005819797515869141,0.0,0.0,0.01399087905883789,0.1219739019870758,0.008278295397758484,0.1685888171195984,91
-0.8321784734725952,1.1920928955078125e-06,4.614217758178711,0.0,0.17666186392307281,6.079673767089844e-05,0.0,-0.34208914637565613,-0.33248817920684814,-0.8321784734725952,4.614217758178711,0.00045108795166015625,2.2835732,0.005114316940307617,0.0,0.0,0.01721024513244629,0.17844943702220917,0.00443229777738452,0.5888215899467468,92
-1.3041620254516602,9.5367431640625e-07,29.334854125976562,0.0,0.11023926734924316,4.100799560546875e-05,0.0,-0.80992591381073,-0.8041874170303345,-1.3041620254516602,29.334854125976562,0.00045299530029296875,2.2005732,0.004903316497802734,0.0,0.0,0.014513015747070312,0.11078058183193207,0.0004941522493027151,0.8819115161895752,93
-1.362158179283142,1.1920928955078125e-06,8.214322090148926,0.0,0.12677001953125,3.886222839355469e-05,0.0,-0.8648375272750854,-0.8621703386306763,-1.362158179283142,8.214322090148926,0.0004050731658935547,2.1557624,0.0056688785552978516,0.0,0.0,0.012987852096557617,0.12705011665821075,0.00032123926212079823,0.4993992745876312,94
-1.4349806308746338,9.5367431640625e-07,11.444087982177734,0.0,0.09646684676408768,3.3855438232421875e-05,0.0,-0.9406169652938843,-0.9350476264953613,-1.4349806308746338,11.444087982177734,0.00042700767517089844,2.1356375,0.004608869552612305,0.0,0.0,0.01182103157043457,0.09692251682281494,0.0006819067057222128,0.46522438526153564,95
0.04027765989303589,9.5367431640625e-07,26.426395416259766,0.0,0.9231855869293213,3.886222839355469e-05,0.0,0.3960675001144409,0.4216092824935913,0.04027765989303589,26.426395416259766,0.0004980564117431641,2.2316356,0.005767822265625,0.0,0.0,0.02168869972229004,0.9798984527587891,0.6505550742149353,0.9493731260299683,96
-0.04493105411529541,9.5367431640625e-07,0.35162609815597534,0.0,1.3462437391281128,4.7206878662109375e-05,0.0,0.29252785444259644,0.2976287007331848,-0.04493105411529541,0.35162609815597534,0.0006031990051269531,2.4854198,0.011921882629394531,0.0,0.0,0.014506816864013672,1.3544327020645142,1.0591440200805664,0.7726727724075317,97
-0.2144966721534729,0.0,27.726482391357422,0.0,0.7215138673782349,0.0002009868621826172,0.0,0.19341659545898438,0.19278496503829956,-0.2144966721534729,27.726482391357422,0.00046515464782714844,2.629529,0.007192134857177734,0.0,0.0,0.018374919891357422,0.7110820412635803,0.41406503319740295,1.2277624607086182,98
-0.34620368480682373,9.5367431640625e-07,12.590415954589844,0.0,0.5608084201812744,3.814697265625e-05,0.0,0.07187938690185547,0.0726766586303711,-0.34620368480682373,12.590415954589844,0.0005707740783691406,2.6728032,0.009099960327148438,0.0,0.0,0.012842893600463867,0.5486995577812195,0.29438477754592896,0.39506056904792786,99
-0.939295768737793,9.5367431640625e-07,30.652116775512695,0.0,0.3215399980545044,4.315376281738281e-05,0.0,-0.4477911591529846,-0.445453405380249,-0.939295768737793,30.652116775512695,0.00047087669372558594,2.3304722,0.009829044342041016,0.0,0.0,0.013697147369384766,0.31760576367378235,0.046738799661397934,0.4295263886451721,100
-0.07778862118721008,7.152557373046875e-07,0.19013965129852295,0.0,0.3696082532405853,4.124641418457031e-05,0.0,0.4139593839645386,0.421109139919281,-0.07778862118721008,0.19013965129852295,0.0004892349243164062,2.0822134,0.0069310665130615234,0.0,0.0,0.021549224853515625,0.37227296829223633,0.016118988394737244,0.2242203652858734,101
-0.7155544757843018,0.0,1.2969588041305542,0.0,0.19456064701080322,4.506111145019531e-05,0.0,-0.2232133001089096,-0.21556495130062103,-0.7155544757843018,1.2969588041305542,0.0004611015319824219,2.0304654,0.0051877498626708984,0.0,0.0,0.012811660766601562,0.19605526328086853,0.0008943232242017984,0.29394233226776123,102
-1.4260598421096802,0.0,81.44942474365234,0.0,0.09555000066757202,3.409385681152344e-05,0.0,-0.9313207864761353,-0.9260770082473755,-1.4260598421096802,81.44942474365234,0.0004930496215820312,1.9222394,0.010644197463989258,0.0,0.0,0.013262033462524414,0.09605934470891953,0.0005310926353558898,1.2325448989868164,103
-2.0263099670410156,0.0,10.359336853027344,0.0,0.05238770321011543,3.6716461181640625e-05,0.0,-1.5351800918579102,-1.5263464450836182,-2.0263099670410156,10.359336853027344,0.00044798851013183594,2.0656762,0.0050928592681884766,0.0,0.0,0.013581037521362305,0.05285118147730827,0.0004316713893786073,0.2548069953918457,104
-0.36749351024627686,0.0,2.8872663974761963,0.0,0.5305509567260742,6.222724914550781e-05,0.0,0.10583490133285522,0.11265242099761963,-0.36749351024627686,2.8872663974761963,0.00045228004455566406,2.0720527,0.005986928939819336,0.0,0.0,0.023619890213012695,0.5349607467651367,0.14041170477867126,0.38619881868362427,105
0.05210399627685547,1.1920928955078125e-06,6.3724822998046875,0.0,0.4911249876022339,6.914138793945312e-05,0.0,0.46660804748535156,0.47359299659729004,0.05210399627685547,6.3724822998046875,0.000843048095703125,2.1389518,0.0066449642181396484,0.0,0.0,0.028104782104492188,0.49403491616249084,0.2245047390460968,0.6501137018203735,106
-0.4962422847747803,0.0,18.490249633789062,0.0,0.29259824752807617,5.316734313964844e-05,0.0,-0.006426095962524414,0.0009419023990631104,-0.4962422847747803,18.490249633789062,0.00041604042053222656,2.2549796,0.00518798828125,0.0,0.0,0.011883974075317383,0.2932575047016144,0.025262951850891113,0.9924391508102417,107
0.37473243474960327,0.0,2.0742480754852295,0.0,0.572360098361969,3.3855438232421875e-05,0.0,0.8326316475868225,0.8457497358322144,0.37473243474960327,2.0742480754852295,0.0004508495330810547,2.1042838,0.004754066467285156,0.0,0.0,0.012480020523071289,0.5804438591003418,0.13299331068992615,0.971588134765625,108
-0.38827189803123474,0.0,1.186788558959961,0.0,0.279695063829422,3.314018249511719e-05,0.0,0.09843157231807709,0.11000274121761322,-0.38827189803123474,1.186788558959961,0.0004627704620361328,2.2673523,0.008291959762573242,0.0,0.0,0.012731075286865234,0.2830265760421753,0.01566898822784424,0.5064443349838257,109
-1.0561323165893555,9.5367431640625e-07,17.373661041259766,0.0,0.1376459002494812,3.600120544433594e-05,0.0,-0.5666964054107666,-0.5562393069267273,-1.0561323165893555,17.373661041259766,0.00040078163146972656,2.225222,0.008631229400634766,0.0,0.0,0.012794971466064453,0.13909679651260376,0.0019163340330123901,0.8182365894317627,110
-0.26151490211486816,9.5367431640625e-07,0.8892660140991211,0.0,0.365936279296875,3.886222839355469e-05,0.0,0.20687346160411835,0.21797551214694977,-0.26151490211486816,0.8892660140991211,0.0005819797515869141,2.3202944,0.043493032455444336,0.0,0.0,0.013176918029785156,0.3700557053089142,0.08507555723190308,0.35021594166755676,111
-0.32293885946273804,0.0,68.38431549072266,0.0,0.60952228307724,4.601478576660156e-05,0.0,0.07134819030761719,0.08164457976818085,-0.32293885946273804,68.38431549072266,0.0003921985626220703,2.2785134,0.005509853363037109,0.0,0.0,0.01744985580444336,0.6150700449943542,0.36205530166625977,0.55010986328125,112
-1.3149867057800293,7.152557373046875e-07,44.059513092041016,0.0,0.30292218923568726,3.62396240234375e-05,0.0,-0.8316885828971863,-0.8191826343536377,-1.3149867057800293,44.059513092041016,0.0007779598236083984,2.390754,0.005235910415649414,0.0,0.0,0.023147106170654297,0.308165967464447,0.03835020959377289,0.6080096960067749,113
-1.953226089477539,0.0,9.770450592041016,0.0,0.08690272271633148,4.792213439941406e-05,0.0,-1.4660539627075195,-1.4539721012115479,-1.953226089477539,9.770450592041016,0.00043392181396484375,2.2219672,0.005759000778198242,0.0,0.0,0.013154745101928711,0.0879756435751915,0.0008298011962324381,0.39633098244667053,114
1.375960350036621,9.5367431640625e-07,1.5921679735183716,0.0,2.60084867477417,4.38690185546875e-05,0.0,1.8112642765045166,1.8172264099121094,1.375960350036621,1.5921679735183716,0.0006589889526367188,2.132687,0.004732847213745117,0.0,0.0,0.01501607894897461,2.611976146697998,1.1585426330566406,1.7971038818359375,115
0.8783708810806274,1.1920928955078125e-06,1.736840009689331,0.0,1.8102604150772095,3.981590270996094e-05,0.0,1.2317241430282593,1.2374374866485596,0.8783708810806274,1.736840009689331,0.0004291534423828125,2.2333913,0.004971981048583984,0.0,0.0,0.012511968612670898,1.8083207607269287,1.2816170454025269,2.185603380203247,116
0.4998471736907959,0.0,2.6430492401123047,0.0,1.8484292030334473,4.029273986816406e-05,0.0,0.7344645261764526,0.7398632764816284,0.4998471736907959,2.6430492401123047,0.0004341602325439453,2.2894213,0.005207061767578125,0.0,0.0,0.014181137084960938,1.865032434463501,1.866349697113037,1.733009696006775,117
0.6922191381454468,0.0,15.340843200683594,0.0,1.9979749917984009,3.504753112792969e-05,0.0,0.9158146381378174,0.9234887361526489,0.6922191381454468,15.340843200683594,0.0004673004150390625,2.392222,0.010206937789916992,0.0,0.0,0.012319803237915039,1.999616265296936,2.024465322494507,1.4645960330963135,118
2.61318039894104,9.5367431640625e-07,2.6947438716888428,0.0,5.142441749572754,4.315376281738281e-05,0.0,2.9505739212036133,2.949131965637207,2.61318039894104,2.6947438716888428,0.00047206878662109375,2.4388711,0.004940986633300781,0.0,0.0,0.012389898300170898,5.138272285461426,1.84014892578125,2.271164655685425,119
2.451547622680664,0.0,2.50661039352417,0.0,4.8048858642578125,4.291534423828125e-05,0.0,2.8178532123565674,2.8194751739501953,2.451547622680664,2.50661039352417,0.0009131431579589844,2.5211802,0.004640102386474609,0.0,0.0,0.030473947525024414,4.808493614196777,1.6616108417510986,1.8642003536224365,120
2.655816078186035,0.0,2.574817419052124,0.0,5.141963005065918,4.38690185546875e-05,0.0,2.950408935546875,2.950742721557617,2.655816078186035,2.574817419052124,0.0004038810729980469,2.2346444,0.005689144134521484,0.0,0.0,0.013173818588256836,5.142930030822754,2.3118255138397217,1.7773535251617432,121
2.546731472015381,0.0,2.623011589050293,0.0,4.8800764083862305,3.3855438232421875e-05,0.0,2.8506147861480713,2.851588249206543,2.546731472015381,2.623011589050293,0.0005140304565429688,2.096277,0.004701137542724609,0.0,0.0,0.012905120849609375,4.882386207580566,2.2605745792388916,2.29736328125,122
2.188106060028076,0.0,2.1941704750061035,0.0,4.38748836517334,3.719329833984375e-05,0.0,2.582120895385742,2.5843076705932617,2.188106060028076,2.1941704750061035,0.0004200935363769531,2.0811265,0.005020856857299805,0.0,0.0,0.01295614242553711,4.390525817871094,1.3046246767044067,1.2429769039154053,123
2.4007997512817383,1.1920928955078125e-06,2.32299542427063,0.0,4.527163505554199,3.886222839355469e-05,0.0,2.6739323139190674,2.67439866065979,2.4007997512817383,2.32299542427063,0.0004401206970214844,2.1038964,0.005612850189208984,0.0,0.0,0.013334989547729492,4.52794075012207,1.722496509552002,1.8007144927978516,124
2.3350989818573,0.0,2.214923620223999,0.0,4.583305358886719,4.1961669921875e-05,0.0,2.706557512283325,2.708223342895508,2.3350989818573,2.214923620223999,0.00043272972106933594,1.9855762,0.005216121673583984,0.0,0.0,0.017453670501708984,4.586270332336426,1.3615671396255493,0.6783159971237183,125
1.8430110216140747,0.0,1.7360131740570068,0.0,4.024893760681152,3.266334533691406e-05,0.0,2.2117350101470947,2.2141354084014893,1.8430110216140747,1.7360131740570068,0.0005428791046142578,2.102682,0.004995822906494141,0.0,0.0,0.012714862823486328,4.026483535766602,0.8561760783195496,0.7633340358734131,126
1.2122279405593872,0.0,3.016232490539551,0.0,3.814216375350952,5.412101745605469e-05,0.0,1.704080581665039,1.7049059867858887,1.2122279405593872,3.016232490539551,0.0004200935363769531,2.141851,0.004732847213745117,0.0,0.0,0.012341022491455078,3.8144140243530273,0.6144893765449524,1.2532334327697754,127
0.41269153356552124,1.1920928955078125e-06,180.375732421875,0.0,3.719040870666504,3.504753112792969e-05,0.0,0.9112362265586853,0.8941079378128052,0.41269153356552124,180.375732421875,0.0004379749298095703,2.255205,0.008145809173583984,0.0,0.0,0.013388872146606445,3.718214988708496,1.007203459739685,2.0807907581329346,128
1.0840427875518799,0.0,1.0970628261566162,0.0,3.7836408615112305,5.1975250244140625e-05,0.0,1.5565892457962036,1.5608927011489868,1.0840427875518799,1.0970628261566162,0.00041604042053222656,2.2172134,0.005108833312988281,0.0,0.0,0.012520790100097656,3.7844114303588867,1.1243503093719482,1.146990418434143,129
0.6589836478233337,0.0,0.669793963432312,0.0,3.7341842651367188,4.1961669921875e-05,0.0,1.1517653465270996,1.156312108039856,0.6589836478233337,0.669793963432312,0.0004458427429199219,2.1550376,0.0044040679931640625,0.0,0.0,0.012752056121826172,3.734546661376953,0.3810485005378723,0.9860308766365051,130
1.483388066291809,0.0,1.6682398319244385,0.0,3.891897201538086,5.1021575927734375e-05,0.0,1.9541728496551514,1.9584838151931763,1.483388066291809,1.6682398319244385,0.0004181861877441406,2.3567524,0.005799770355224609,0.0,0.0,0.012497901916503906,3.893606185913086,0.6509614586830139,0.9437081813812256,131
1.1591601371765137,1.1920928955078125e-06,17.62373161315918,0.0,3.797100782394409,5.1975250244140625e-05,0.0,1.6269218921661377,1.6320158243179321,1.1591601371765137,17.62373161315918,0.0004601478576660156,2.2694135,0.005606889724731445,0.0,0.0,0.011843681335449219,3.7981510162353516,1.217663049697876,2.0407235622406006,132
0.7046452760696411,9.5367431640625e-07,7.162280082702637,0.0,3.735692262649536,3.790855407714844e-05,0.0,1.170426845550537,1.1757984161376953,0.7046452760696411,7.162280082702637,0.0007259845733642578,2.3322988,0.0041620731353759766,0.0,0.0,0.013282060623168945,3.7361371517181396,1.2550556659698486,1.065523624420166,133
0.5409116148948669,0.0,0.5670742988586426,0.0,3.7257843017578125,4.029273986816406e-05,0.0,1.0327492952346802,1.0384129285812378,0.5409116148948669,0.5670742988586426,0.000408172607421875,2.2644024,0.004369974136352539,0.0,0.0,0.012564897537231445,3.726140260696411,0.36931076645851135,0.769341230392456,134
0.5736107230186462,7.152557373046875e-07,3.967151641845703,0.0,3.7265307903289795,3.409385681152344e-05,0.0,1.0445500612258911,1.0504741668701172,0.5736107230186462,3.967151641845703,0.0004000663757324219,2.0348837,0.0075190067291259766,0.0,0.0,0.012575864791870117,3.726912260055542,1.123021125793457,0.9669316411018372,135
0.06914007663726807,1.1920928955078125e-06,310.33001708984375,0.0,3.7066080570220947,4.410743713378906e-05,0.0,0.557435154914856,0.563610315322876,0.06914007663726807,310.33001708984375,0.0007002353668212891,2.1031594,0.0054569244384765625,0.0,0.0,0.014351129531860352,3.706758499145508,0.5469474792480469,1.0356005430221558,136
2.7179248332977295,1.1920928955078125e-06,2.7897090911865234,0.0,5.498696327209473,6.103515625e-05,0.0,3.0605621337890625,3.061833143234253,2.7179248332977295,2.7897090911865234,0.0004470348358154297,2.0946474,0.005006074905395508,0.0,0.0,0.014242172241210938,5.503289222717285,1.8351377248764038,2.0835447311401367,137
2.8219430446624756,0.0,2.7888317108154297,0.0,5.662045478820801,3.409385681152344e-05,0.0,3.103898048400879,3.1046695709228516,2.8219430446624756,2.7888317108154297,0.00040912628173828125,2.103143,0.0049190521240234375,0.0,0.0,0.012796163558959961,5.665081977844238,2.6259570121765137,1.7906569242477417,138
2.859358549118042,9.5367431640625e-07,2.7234137058258057,0.0,5.68105411529541,3.2901763916015625e-05,0.0,3.108705520629883,3.106829881668091,2.859358549118042,2.7234137058258057,0.00042510032653808594,2.230419,0.004895925521850586,0.0,0.0,0.011567831039428711,5.673615455627441,2.129089117050171,1.5852463245391846,139
2.7601754665374756,9.5367431640625e-07,2.6968002319335938,0.0,5.598633766174316,3.1948089599609375e-05,0.0,3.0875179767608643,3.0878536701202393,2.7601754665374756,2.6968002319335938,0.0003898143768310547,2.1747,0.005361795425415039,0.0,0.0,0.012031078338623047,5.599911689758301,1.9020943641662598,1.2750606536865234,140
2.7414159774780273,1.1920928955078125e-06,2.7727718353271484,0.0,5.485437870025635,7.486343383789062e-05,0.0,3.0568735599517822,3.0564768314361572,2.7414159774780273,2.7727718353271484,0.001013040542602539,2.305816,0.0053899288177490234,0.0,0.0,0.0285642147064209,5.484017372131348,1.8303070068359375,2.1101956367492676,141
2.7381269931793213,0.0,2.7559919357299805,0.0,5.573285102844238,3.790855407714844e-05,0.0,3.0808169841766357,3.081983804702759,2.7381269931793213,2.7559919357299805,0.00040912628173828125,2.1989157,0.011387109756469727,0.0,0.0,0.01288914680480957,5.577674388885498,1.7455567121505737,2.0307295322418213,142
2.62994384765625,9.5367431640625e-07,2.673042058944702,0.0,5.290771484375,3.2901763916015625e-05,0.0,2.999338388442993,3.006969690322876,2.62994384765625,2.673042058944702,0.00043487548828125,2.0706673,0.005933046340942383,0.0,0.0,0.012131929397583008,5.315321445465088,1.2047139406204224,1.3967702388763428,143
2.793701410293579,9.5367431640625e-07,2.657811403274536,0.0,5.432459354400635,4.8160552978515625e-05,0.0,3.0418596267700195,3.041567087173462,2.793701410293579,2.657811403274536,0.0008339881896972656,1.8066537,0.00566411018371582,0.0,0.0,0.020231246948242188,5.431443214416504,2.2029380798339844,1.3318285942077637,144
2.6222102642059326,0.0,2.6904494762420654,0.0,5.313393592834473,3.695487976074219e-05,0.0,3.0063745975494385,3.006756067276001,2.6222102642059326,2.6904494762420654,0.0004010200500488281,1.8329623,0.00860905647277832,0.0,0.0,0.01256704330444336,5.314629554748535,1.3296818733215332,1.5072046518325806,145
2.742508888244629,0.0,2.670290231704712,0.0,5.297232627868652,5.698204040527344e-05,0.0,3.0013580322265625,3.001993417739868,2.742508888244629,2.670290231704712,0.00044798851013183594,2.0509028,0.005469083786010742,0.0,0.0,0.021003007888793945,5.299270153045654,1.8723652362823486,1.4870977401733398,146
2.669966220855713,0.0,2.7503600120544434,0.0,5.239340782165527,4.57763671875e-05,0.0,2.9829635620117188,2.983564615249634,2.669966220855713,2.7503600120544434,0.0004429817199707031,2.0253382,0.00922393798828125,0.0,0.0,0.016186952590942383,5.2412004470825195,1.4848535060882568,2.018190622329712,147
2.7166595458984375,0.0,2.672551393508911,0.0,5.337984085083008,3.5762786865234375e-05,0.0,3.0139124393463135,3.0117924213409424,2.7166595458984375,2.672551393508911,0.00043892860412597656,2.0511334,0.005572080612182617,0.0,0.0,0.012153148651123047,5.331029891967773,1.8562421798706055,1.468367099761963,148
2.5120980739593506,0.0,2.5331506729125977,0.0,5.069140434265137,4.00543212890625e-05,0.0,2.92459774017334,2.925151824951172,2.5120980739593506,2.5331506729125977,0.0004520416259765625,2.2446444,0.0074312686920166016,0.0,0.0,0.012897968292236328,5.070664405822754,1.0218039751052856,1.0139729976654053,149
2.4532625675201416,9.5367431640625e-07,2.6301193237304688,0.0,4.91690731048584,5.7697296142578125e-05,0.0,2.8659117221832275,2.8665390014648438,2.4532625675201416,2.6301193237304688,0.00042319297790527344,2.30091,0.005736351013183594,0.0,0.0,0.023936033248901367,4.918442726135254,0.8575719594955444,1.3630821704864502,150
2.4364898204803467,0.0,2.8057422637939453,0.0,4.686173439025879,4.57763671875e-05,0.0,2.761317253112793,2.7618913650512695,2.4364898204803467,2.8057422637939453,0.0005021095275878906,2.3363218,0.005357027053833008,0.0,0.0,0.02478504180908203,4.687312126159668,0.9485805630683899,2.2114059925079346,151
2.563790798187256,0.0,2.424966812133789,0.0,4.866848945617676,3.266334533691406e-05,0.0,2.8450050354003906,2.8455047607421875,2.563790798187256,2.424966812133789,0.00042510032653808594,2.2654192,0.013841867446899414,0.0,0.0,0.01173090934753418,4.8680219650268555,1.412588357925415,0.7804129123687744,152
2.519505739212036,9.5367431640625e-07,2.4193735122680664,0.0,4.818305015563965,4.315376281738281e-05,0.0,2.823859453201294,2.8240110874176025,2.519505739212036,2.4193735122680664,0.00039005279541015625,2.3554096,0.006340980529785156,0.0,0.0,0.012187719345092773,4.818645477294922,1.553717851638794,1.2442914247512817,153
2.4477972984313965,9.5367431640625e-07,2.4711172580718994,0.0,4.736552715301514,5.1975250244140625e-05,0.0,2.786094903945923,2.786473274230957,2.4477972984313965,2.4711172580718994,0.00046372413635253906,2.2544749,0.005435943603515625,0.0,0.0,0.02570486068725586,4.73734188079834,1.0047070980072021,0.9808800220489502,154
2.4245035648345947,0.0,2.3834712505340576,0.0,4.668704032897949,4.1961669921875e-05,0.0,2.7524302005767822,2.752777338027954,2.4245035648345947,2.3834712505340576,0.0004227161407470703,2.2486136,0.00673985481262207,0.0,0.0,0.012429952621459961,4.669381141662598,0.8433229327201843,0.9319390654563904,155
2.1969685554504395,0.0,2.2510664463043213,0.0,4.500868320465088,3.1948089599609375e-05,0.0,2.6578867435455322,2.6589033603668213,2.1969685554504395,2.2510664463043213,0.0004239082336425781,2.1577382,0.009778261184692383,0.0,0.0,0.014987945556640625,4.502509117126465,0.45126551389694214,0.7113993167877197,156
2.5699989795684814,0.0,2.2842516899108887,0.0,4.641985893249512,3.0994415283203125e-05,0.0,2.738525629043579,2.7380478382110596,2.5699989795684814,2.2842516899108887,0.0004210472106933594,2.1811762,0.014554977416992188,0.0,0.0,0.018299102783203125,4.641081809997559,1.3805831670761108,0.5323094129562378,157
2.1984496116638184,0.0,2.29595947265625,0.0,4.474301338195801,4.291534423828125e-05,0.0,2.6411361694335938,2.6332101821899414,2.1984496116638184,2.29595947265625,0.00045299530029296875,2.0007422,0.006422996520996094,0.0,0.0,0.012248992919921875,4.462038040161133,0.43096303939819336,0.6358604431152344,158
2.052588939666748,0.0,2.753922462463379,0.0,4.298348426818848,5.412101745605469e-05,0.0,2.513273239135742,2.5144224166870117,2.052588939666748,2.753922462463379,0.0004119873046875,2.2083163,0.006926059722900391,0.0,0.0,0.01982283592224121,4.299737930297852,0.305444598197937,1.3054643869400024,159
2.018677234649658,0.0,1.9450510740280151,0.0,4.2165727615356445,5.984306335449219e-05,0.0,2.440511465072632,2.441626787185669,2.018677234649658,1.9450510740280151,0.0004639625549316406,2.2260308,0.006842851638793945,0.0,0.0,0.013075828552246094,4.217738628387451,0.36945977807044983,0.41396233439445496,160
1.8044320344924927,0.0,1.8143643140792847,0.0,4.086691379547119,4.1961669921875e-05,0.0,2.297473907470703,2.298924446105957,1.8044320344924927,1.8143643140792847,0.00039386749267578125,2.217391,0.008396148681640625,0.0,0.0,0.012031078338623047,4.087830543518066,0.4366704523563385,0.2790522575378418,161
1.7162824869155884,0.0,2.0673317909240723,0.0,4.008319854736328,4.887580871582031e-05,0.0,2.185999870300293,2.187480926513672,1.7162824869155884,2.0673317909240723,0.0005257129669189453,2.5246181,0.004656076431274414,0.0,0.0,0.013545989990234375,4.009250640869141,0.14050179719924927,0.7317463159561157,162
1.5396325588226318,0.0,2.438171863555908,0.0,3.9269485473632812,0.0001862049102783203,0.0,2.035909652709961,2.0376367568969727,1.5396325588226318,2.438171863555908,0.0008602142333984375,2.387958,0.005321025848388672,0.0,0.0,0.020936965942382812,3.927753210067749,0.0607607401907444,0.5766010284423828,163
1.2975327968597412,0.0,1.5023164749145508,0.0,3.8381879329681396,3.790855407714844e-05,0.0,1.79535973072052,1.7971421480178833,1.2975327968597412,1.5023164749145508,0.00042128562927246094,2.528147,0.004293203353881836,0.0,0.0,0.014052152633666992,3.838701009750366,0.1430732160806656,0.1376560479402542,164
1.1157740354537964,0.0,4.126523494720459,0.0,3.7944765090942383,4.982948303222656e-05,0.0,1.6139627695083618,1.6157704591751099,1.1157740354537964,4.126523494720459,0.0004940032958984375,2.4259212,0.01016378402709961,0.0,0.0,0.01641082763671875,3.7948381900787354,0.012970956042408943,0.58845055103302,165
0.9248949289321899,0.0,2.3761861324310303,0.0,3.762637138366699,4.9114227294921875e-05,0.0,1.4221936464309692,1.424187183380127,0.9248949289321899,2.3761861324310303,0.00043582916259765625,2.4555833,0.005769968032836914,0.0,0.0,0.015306234359741211,3.762909173965454,0.19654351472854614,0.35760626196861267,166
0.7796618938446045,9.5367431640625e-07,0.7761752605438232,0.0,3.7453203201293945,3.409385681152344e-05,0.0,1.2755104303359985,1.2795411348342896,0.7796618938446045,0.7761752605438232,0.0005588531494140625,2.4062376,0.005211830139160156,0.0,0.0,0.012498140335083008,3.7457313537597656,0.08026529848575592,0.17839239537715912,167
0.7039775848388672,0.0,77.33112335205078,0.0,3.738311767578125,4.076957702636719e-05,0.0,1.2012683153152466,1.2034374475479126,0.7039775848388672,77.33112335205078,0.0004029273986816406,2.3505032,0.005601644515991211,0.0,0.0,0.012654781341552734,3.738501787185669,0.1620677262544632,0.8352843523025513,168
-0.055311232805252075,0.0,4.140587329864502,0.0,0.4639711380004883,5.3882598876953125e-05,0.0,0.2670932710170746,0.26830604672431946,-0.055311232805252075,4.140587329864502,0.00041484832763671875,2.3074663,0.005168914794921875,0.0,0.0,0.011517763137817383,0.4652489721775055,0.2678490877151489,0.759006679058075,169
0.1434241533279419,0.0,0.13002924621105194,0.0,0.454206645488739,6.29425048828125e-05,0.0,0.594735860824585,0.6262296438217163,0.1434241533279419,0.13002924621105194,0.0004930496215820312,2.3409734,0.005155086517333984,0.0,0.0,0.011192083358764648,0.46560555696487427,0.08845685422420502,0.09443795680999756,170
-1.253287672996521,1.1920928955078125e-06,41.050933837890625,0.0,0.2114236056804657,4.100799560546875e-05,0.0,-0.7980748414993286,-0.7613587379455566,-1.253287672996521,41.050933837890625,0.00041794776916503906,2.2225518,0.004395723342895508,0.0,0.0,0.011375904083251953,0.2134539783000946,0.005909383296966553,0.4289329946041107,171
1.2982659339904785,0.0,5.66334867477417,0.0,3.835524559020996,3.814697265625e-05,0.0,1.7860037088394165,1.7886258363723755,1.2982659339904785,5.66334867477417,0.00046896934509277344,2.1845665,0.004680156707763672,0.0,0.0,0.013553142547607422,3.836266279220581,0.7259502410888672,1.8126076459884644,172
1.0645452737808228,9.5367431640625e-07,1.1481852531433105,0.0,3.7814950942993164,4.291534423828125e-05,0.0,1.5444003343582153,1.547063946723938,1.0645452737808228,1.1481852531433105,0.0007269382476806641,2.1860037,0.004513740539550781,0.0,0.0,0.02642822265625,3.7819595336914062,0.9770417213439941,0.6724218726158142,173
1.4883801937103271,0.0,4.074911117553711,0.0,3.9013898372650146,4.00543212890625e-05,0.0,1.9776602983474731,1.9805564880371094,1.4883801937103271,4.074911117553711,0.0005331039428710938,2.3397226,0.0068399906158447266,0.0,0.0,0.02298283576965332,3.9025914669036865,0.6430915594100952,1.539280891418457,174
1.5940905809402466,1.1920928955078125e-06,1.582814335823059,0.0,3.944330930709839,3.504753112792969e-05,0.0,2.0719709396362305,2.074862003326416,1.5940905809402466,1.582814335823059,0.0004470348358154297,2.2576246,0.005306720733642578,0.0,0.0,0.012822151184082031,3.94577956199646,0.9324908256530762,0.7661802768707275,175
1.3377777338027954,9.5367431640625e-07,8.518013000488281,0.0,3.8465471267700195,4.076957702636719e-05,0.0,1.8236380815505981,1.8267465829849243,1.3377777338027954,8.518013000488281,0.00044989585876464844,2.3317459,0.0046269893646240234,0.0,0.0,0.012810945510864258,3.8474950790405273,0.7764601707458496,1.224847435951233,176
1.1230581998825073,9.5367431640625e-07,5.272686004638672,0.0,3.791712999343872,3.504753112792969e-05,0.0,1.5999447107315063,1.6032304763793945,1.1230581998825073,5.272686004638672,0.0004286766052246094,2.4067893,0.00511479377746582,0.0,0.0,0.01203775405883789,3.792353630065918,1.0408179759979248,0.6371883749961853,177
0.8529409170150757,9.5367431640625e-07,1.1357887983322144,0.0,3.7523019313812256,3.600120544433594e-05,0.0,1.339905858039856,1.343316674232483,0.8529409170150757,1.1357887983322144,0.00045299530029296875,2.4051962,0.009315967559814453,0.0,0.0,0.012366294860839844,3.752697229385376,0.7245510816574097,0.9620566964149475,178
0.5611526966094971,9.5367431640625e-07,1.1703159809112549,0.0,3.727140188217163,5.1021575927734375e-05,0.0,1.0539798736572266,1.0575534105300903,0.5611526966094971,1.1703159809112549,0.00045299530029296875,2.2784834,0.010097742080688477,0.0,0.0,0.015214920043945312,3.7273740768432617,0.4432368576526642,0.4174889326095581,179
0.7190570831298828,0.0,6.389274597167969,0.0,3.7392518520355225,5.793571472167969e-05,0.0,1.2118892669677734,1.2156296968460083,0.7190570831298828,6.389274597167969,0.00041413307189941406,2.4410107,0.004103899002075195,0.0,0.0,0.01269984245300293,3.7395875453948975,0.4326064884662628,0.7613480091094971,180
0.36116042733192444,1.1920928955078125e-06,0.6789641380310059,0.0,3.7162952423095703,5.1021575927734375e-05,0.0,0.8518490195274353,0.8558675050735474,0.36116042733192444,0.6789641380310059,0.0004019737243652344,2.372877,0.006226062774658203,0.0,0.0,0.012450933456420898,3.716470956802368,0.5366864204406738,0.9358338117599487,181
0.4551335275173187,0.0,63.154212951660156,0.0,3.7207510471343994,4.8160552978515625e-05,0.0,0.9449626207351685,0.9491791129112244,0.4551335275173187,63.154212951660156,0.001024007797241211,2.499338,0.0043599605560302734,0.0,0.0,0.027789592742919922,3.720973014831543,0.5686018466949463,0.8722233772277832,182
2.2046279907226562,9.5367431640625e-07,2.517537832260132,0.0,4.397104740142822,6.914138793945312e-05,0.0,2.5890114307403564,2.591383934020996,2.2046279907226562,2.517537832260132,0.0007898807525634766,2.4385943,0.004548072814941406,0.0,0.0,0.02024078369140625,4.400445938110352,0.9995130896568298,1.517167091369629,183
1.813683271408081,0.0,2.9938406944274902,0.0,4.064435958862305,4.38690185546875e-05,0.0,2.268261432647705,2.271678924560547,1.813683271408081,2.9938406944274902,0.00043010711669921875,2.443188,0.004873991012573242,0.0,0.0,0.012251138687133789,4.066972732543945,0.8810575008392334,1.3189101219177246,184
2.1507208347320557,1.1920928955078125e-06,2.122670888900757,0.0,4.2857866287231445,5.817413330078125e-05,0.0,2.502761125564575,2.5041918754577637,2.1507208347320557,2.122670888900757,0.00042319297790527344,2.4842584,0.004278898239135742,0.0,0.0,0.012059211730957031,4.287480354309082,0.7615724802017212,0.9378784894943237,185
1.6573389768600464,0.0,2.081972599029541,0.0,3.978114366531372,4.029273986816406e-05,0.0,2.1353931427001953,2.139500617980957,1.6573389768600464,2.081972599029541,0.00039887428283691406,2.3362882,0.007434844970703125,0.0,0.0,0.02356410026550293,3.9804534912109375,0.6696810722351074,1.1247920989990234,186
1.389843225479126,0.0,3.833800792694092,0.0,3.8630692958831787,4.076957702636719e-05,0.0,1.8752251863479614,1.8805776834487915,1.389843225479126,3.833800792694092,0.00047206878662109375,2.3168674,0.00763392448425293,0.0,0.0,0.017464876174926758,3.8648831844329834,0.711811900138855,1.378044605255127,187
0.8902808427810669,9.5367431640625e-07,1.5544400215148926,0.0,3.757061004638672,3.886222839355469e-05,0.0,1.3794829845428467,1.3845096826553345,0.8902808427810669,1.5544400215148926,0.00043392181396484375,2.082777,0.005532741546630859,0.0,0.0,0.012885332107543945,3.757692575454712,0.5604853630065918,0.40939703583717346,188
0.7341386079788208,1.1920928955078125e-06,1.5741904973983765,0.0,3.74010968208313,5.221366882324219e-05,0.0,1.2213927507400513,1.2266260385513306,0.7341386079788208,1.5741904973983765,0.00043320655822753906,2.222644,0.006981849670410156,0.0,0.0,0.012196063995361328,3.7405893802642822,0.6399813294410706,0.6194190979003906,189
1.992074728012085,0.0,2.283851385116577,0.0,4.167346954345703,5.602836608886719e-05,0.0,2.390990972518921,2.3941245079040527,1.992074728012085,2.283851385116577,0.0004527568817138672,2.1526036,0.005320310592651367,0.0,0.0,0.02120685577392578,4.170319557189941,0.5028836727142334,0.9770681858062744,190
2.026838541030884,0.0,1.9374369382858276,0.0,4.1866960525512695,5.2928924560546875e-05,0.0,2.4110443592071533,2.4140853881835938,2.026838541030884,1.9374369382858276,0.0004718303680419922,2.0408695,0.004174947738647461,0.0,0.0,0.012385129928588867,4.189698219299316,0.8109537363052368,0.7478397488594055,191
0.6992373466491699,0.0,2.334784507751465,0.0,1.1444532871246338,4.410743713378906e-05,0.0,1.1494518518447876,1.1810708045959473,0.6992373466491699,2.334784507751465,0.0004329681396484375,2.2210019,0.005203962326049805,0.0,0.0,0.012902021408081055,1.199144721031189,0.28619492053985596,1.1107217073440552,192
-0.6046491265296936,0.0,56.71221923828125,0.0,0.4052574038505554,3.361701965332031e-05,0.0,-0.145785391330719,-0.1518724262714386,-0.6046491265296936,56.71221923828125,0.0006260871887207031,2.3093562,0.004478931427001953,0.0,0.0,0.011837005615234375,0.40365836024284363,0.16295799612998962,0.6781630516052246,193
-1.944916844367981,9.5367431640625e-07,0.2157209813594818,0.0,0.08512435853481293,4.00543212890625e-05,0.0,-1.469681739807129,-1.4449809789657593,-1.944916844367981,0.2157209813594818,0.0004570484161376953,2.2734714,0.004979848861694336,0.0,0.0,0.014644145965576172,0.08617907762527466,0.0007693993393331766,0.19420978426933289,194
1.4660619497299194,9.5367431640625e-07,1.6522915363311768,0.0,3.8816728591918945,8.392333984375e-05,0.0,1.927577018737793,1.9329549074172974,1.4660619497299194,1.6522915363311768,0.0008292198181152344,2.2630258,0.0057179927825927734,0.0,0.0,0.013900041580200195,3.8836965560913086,1.3461648225784302,1.7169357538223267,195
0.8020210862159729,0.0,0.9048521518707275,0.0,3.743366003036499,5.1975250244140625e-05,0.0,1.2558904886245728,1.262542724609375,0.8020210862159729,0.9048521518707275,0.0004620552062988281,2.319519,0.004628896713256836,0.0,0.0,0.013288259506225586,3.7440197467803955,1.439343810081482,1.5345162153244019,196
1.0978307723999023,9.5367431640625e-07,1.3036566972732544,0.0,3.780323028564453,5.507469177246094e-05,0.0,1.5376176834106445,1.5445352792739868,1.0978307723999023,1.3036566972732544,0.0004279613494873047,2.3874524,0.013075828552246094,0.0,0.0,0.016805171966552734,3.7815182209014893,1.7062002420425415,1.9699300527572632,197
0.6802554130554199,0.0,28.298593521118164,0.0,3.731250762939453,3.910064697265625e-05,0.0,1.1133384704589844,1.1396307945251465,0.6802554130554199,28.298593521118164,0.0004749298095703125,2.5658774,0.00516510009765625,0.0,0.0,0.014681816101074219,3.7332334518432617,1.4328752756118774,1.536761999130249,198
2.4792089462280273,0.0,2.8230865001678467,0.0,4.705985069274902,3.2901763916015625e-05,0.0,2.771207809448242,2.773905038833618,2.4792089462280273,2.8230865001678467,0.0004150867462158203,2.1984193,0.01794886589050293,0.0,0.0,0.012358903884887695,4.711455821990967,1.954474925994873,2.743077516555786,199
2.282667398452759,0.0,2.611264705657959,0.0,4.403347969055176,3.3855438232421875e-05,0.0,2.593435287475586,2.595491409301758,2.282667398452759,2.611264705657959,0.00046181678771972656,2.2976832,0.004884958267211914,0.0,0.0,0.01203298568725586,4.406268119812012,1.759610652923584,2.121338129043579,200
2.1691484451293945,9.5367431640625e-07,2.3435728549957275,0.0,4.354494094848633,4.887580871582031e-05,0.0,2.5577287673950195,2.5621607303619385,2.1691484451293945,2.3435728549957275,0.0007231235504150391,2.1868925,0.008184671401977539,0.0,0.0,0.015262842178344727,4.36037015914917,1.3405112028121948,1.733501672744751,201
1.4480335712432861,9.5367431640625e-07,4.787400722503662,0.0,3.8815174102783203,3.2901763916015625e-05,0.0,1.9271608591079712,1.9342156648635864,1.4480335712432861,4.787400722503662,0.0008120536804199219,2.2364135,0.0067920684814453125,0.0,0.0,0.012822151184082031,3.884174346923828,0.8696995973587036,1.8886513710021973,202
1.0135897397994995,0.0,5.993381977081299,0.0,3.7721755504608154,3.790855407714844e-05,0.0,1.4877262115478516,1.495219349861145,1.0135897397994995,5.993381977081299,0.000453948974609375,2.1241407,0.008838176727294922,0.0,0.0,0.014202117919921875,3.773347854614258,1.0016894340515137,1.0763188600540161,203
2.3654515743255615,1.1920928955078125e-06,2.531440019607544,0.0,4.774468421936035,4.100799560546875e-05,0.0,2.803964853286743,2.8074791431427,2.3654515743255615,2.531440019607544,0.0006089210510253906,2.1907763,0.00569605827331543,0.0,0.0,0.012701988220214844,4.782086372375488,1.231728434562683,1.8637447357177734,204
1.8682926893234253,9.5367431640625e-07,2.0576229095458984,0.0,4.117491722106934,4.315376281738281e-05,0.0,2.335277795791626,2.327315092086792,1.8682926893234253,2.0576229095458984,0.0010759830474853516,2.2881758,0.00471806526184082,0.0,0.0,0.03179502487182617,4.110808849334717,1.0128345489501953,1.0595755577087402,205
1.1840649843215942,0.0,1.426910400390625,0.0,3.801576614379883,4.124641418457031e-05,0.0,1.648276925086975,1.6554738283157349,1.1840649843215942,1.426910400390625,0.0004401206970214844,2.1669507,0.007974863052368164,0.0,0.0,0.016585826873779297,3.803128480911255,1.2497880458831787,1.332361102104187,206
